dataset,iteration,recall_bir,recall_bir_ci,recall_ih_100,recall_ih_200,recall_ih_50,recall_pf,s,wss95_bir,wss95_bir_ci,wss95_ih_100,wss95_ih_200,wss95_ih_50,wss95_pf
ACEInhibitors,0,0.8035714285714286,1.0,0.9702380952380952,0.9821428571428571,0.8035714285714286,,200,0.5539149888143177,0.0,0.23131991051454137,0.11051454138702466,0.5315436241610738,0.3225950782997763
ACEInhibitors,1,1.0,1.0,0.9642857142857143,1.0,0.7619047619047619,,200,0.0,0.0,0.297986577181208,0.0,0.5874720357941834,0.36017897091722595
ACEInhibitors,2,0.6071428571428571,1.0,0.9523809523809523,1.0,0.9226190476190477,,200,0.6953020134228187,0.0,0.2774049217002237,0.0,0.3829977628635347,0.3221476510067114
ACEInhibitors,3,0.7380952380952381,1.0,0.07142857142857142,0.9702380952380952,0.07142857142857142,,200,0.5440715883668904,0.0,0.8563758389261745,0.16375838926174502,0.8787472035794184,0.28680089485458615
ACEInhibitors,4,0.8690476190476191,1.0,0.9761904761904762,0.9940476190476191,0.9642857142857143,,200,0.4693512304250559,0.0,0.24832214765100669,0.03624161073825505,0.33109619686800895,0.37583892617449666
ACEInhibitors,5,0.47023809523809523,0.9642857142857143,0.9702380952380952,1.0,0.7678571428571429,,200,0.7861297539149888,0.280089485458613,0.22460850111856823,0.0,0.553020134228188,0.3351230425055929
ACEInhibitors,6,1.0,1.0,0.9702380952380952,0.9880952380952381,0.5416666666666666,,200,0.0,0.0,0.2657718120805369,0.09485458612975395,0.7485458612975391,0.32975391498881435
ACEInhibitors,7,0.8690476190476191,1.0,0.9821428571428571,0.9821428571428571,0.625,,200,0.45995525727069353,0.0,0.19418344519015662,0.14944071588366892,0.712304250559284,0.28993288590604027
ACEInhibitors,8,0.5357142857142857,1.0,0.9642857142857143,1.0,0.9583333333333334,,200,0.731096196868009,0.0,0.2501118568232662,0.0,0.30917225950783,0.334675615212528
ACEInhibitors,9,1.0,1.0,0.9642857142857143,0.9940476190476191,0.8452380952380952,,200,0.0,0.0,0.2782997762863535,0.03982102908277407,0.5011185682326622,0.334675615212528
ACEInhibitors,10,0.8690476190476191,1.0,0.9702380952380952,0.9702380952380952,0.07738095238095238,,200,0.46040268456375844,0.0,0.23221476510067118,0.18747203579418348,0.8881431767337807,0.3114093959731543
ACEInhibitors,11,1.0,1.0,0.9821428571428571,0.9821428571428571,0.8511904761904762,,200,0.0,0.0,0.19552572706935123,0.15078299776286352,0.46487695749440716,0.28859060402684567
ACEInhibitors,12,0.7380952380952381,1.0,0.9523809523809523,1.0,0.6547619047619048,,200,0.5906040268456376,0.0,0.27382550335570466,0.0,0.6568232662192394,0.31856823266219236
ACEInhibitors,13,1.0,1.0,0.9702380952380952,1.0,0.8452380952380952,,200,0.0,0.0,0.2630872483221477,0.0,0.4742729306487695,0.323489932885906
ACEInhibitors,14,1.0,1.0,0.9047619047619048,0.9821428571428571,0.9047619047619048,,200,0.0,0.0,0.37404921700223714,0.1176733780760626,0.396420581655481,0.327069351230425
ACEInhibitors,15,1.0,1.0,0.8630952380952381,1.0,0.8630952380952381,,200,0.0,0.0,0.43221476510067114,0.0,0.454586129753915,0.3400447427293065
ACEInhibitors,16,0.9345238095238095,1.0,0.9642857142857143,1.0,0.5892857142857143,,200,0.37539149888143175,0.0,0.22997762863534676,0.0,0.7029082774049217,0.3208053691275168
ACEInhibitors,17,1.0,1.0,0.9642857142857143,1.0,0.75,,200,0.0,0.0,0.2527964205816555,0.0,0.5570469798657718,0.3266219239373602
ACEInhibitors,18,1.0,1.0,0.9702380952380952,0.9880952380952381,0.8630952380952381,,200,0.0,0.0,0.2635346756152125,0.09395973154362414,0.4684563758389262,0.3239373601789709
ACEInhibitors,19,0.8035714285714286,1.0,0.9702380952380952,0.9821428571428571,0.8095238095238095,,200,0.5525727069351231,0.0,0.21834451901566,0.102013422818792,0.5234899328859061,0.30380313199105147
ACEInhibitors,0,0.9107142857142857,1.0,0.8035714285714286,1.0,0.8035714285714286,,500,0.36241610738255037,0.0,0.4706935123042506,0.0,0.49306487695749446,0.30156599552572705
ACEInhibitors,1,1.0,1.0,0.8273809523809523,1.0,0.8273809523809523,,500,0.0,0.0,0.47740492170022375,0.0,0.4997762863534676,0.31543624161073824
ACEInhibitors,2,1.0,1.0,0.9821428571428571,0.9821428571428571,0.8928571428571429,,500,0.0,0.0,0.1776286353467561,0.1328859060402685,0.3937360178970917,0.2496644295302013
ACEInhibitors,3,1.0,1.0,0.8095238095238095,1.0,0.8095238095238095,,500,0.0,0.0,0.4988814317673378,0.0,0.5212527964205816,0.30917225950783
ACEInhibitors,4,0.8333333333333334,1.0,0.9702380952380952,1.0,0.75,,500,0.41789709172259504,0.0,0.21655480984340048,0.0,0.5060402684563758,0.27337807606263986
ACEInhibitors,5,0.6964285714285714,1.0,0.9702380952380952,1.0,0.9702380952380952,,500,0.6170022371364654,0.0,0.21700223713646527,0.014317673378076101,0.23937360178970912,0.27203579418344515
ACEInhibitors,6,0.7797619047619048,1.0,0.9821428571428571,1.0,0.9583333333333334,,500,0.5029082774049217,0.0,0.12259507829977634,0.0,0.25906040268456376,0.297986577181208
ACEInhibitors,7,1.0,1.0,0.8690476190476191,1.0,0.8690476190476191,,500,0.0,0.0,0.4237136465324385,0.0,0.44608501118568233,0.2666666666666667
ACEInhibitors,8,0.9880952380952381,1.0,0.9702380952380952,0.9702380952380952,0.9226190476190477,,500,0.14944071588366892,0.0,0.21834451901566,0.17360178970917228,0.338255033557047,0.297986577181208
ACEInhibitors,9,1.0,1.0,0.8571428571428571,1.0,0.8571428571428571,,500,0.0,0.0,0.3946308724832215,0.0,0.41700223713646534,0.31543624161073824
ACEInhibitors,10,0.9642857142857143,1.0,0.9761904761904762,1.0,0.8392857142857143,,500,0.2769574944071589,0.0,0.16510067114093963,0.0,0.46621923937360177,0.2966442953020134
ACEInhibitors,11,0.9345238095238095,1.0,0.9821428571428571,1.0,0.8452380952380952,,500,0.33199105145413865,0.0,0.18836689038031318,0.0,0.46442953020134226,0.30246085011185686
ACEInhibitors,12,0.9345238095238095,1.0,0.9702380952380952,1.0,0.8630952380952381,,500,0.3118568232662192,0.0,0.20268456375838928,0.0,0.4375838926174497,0.2760626398210291
ACEInhibitors,13,1.0,1.0,0.9226190476190477,0.9642857142857143,0.9107142857142857,,500,0.0,0.0,0.3217002237136465,0.19910514541387025,0.3821029082774049,0.2921700223713647
ACEInhibitors,14,0.7797619047619048,1.0,0.9642857142857143,0.9642857142857143,0.8630952380952381,,500,0.5154362416107383,0.0,0.2487695749440716,0.2040268456375839,0.41744966442953024,0.29888143176733784
ACEInhibitors,15,0.7261904761904762,1.0,0.9821428571428571,0.9821428571428571,0.8869047619047619,,500,0.5534675615212528,0.0,0.2053691275167785,0.1606263982102908,0.36107382550335565,0.2630872483221477
ACEInhibitors,16,0.8869047619047619,1.0,0.9940476190476191,0.9940476190476191,0.8988095238095238,,500,0.41565995525727073,0.0,0.062192393736017926,0.01744966442953022,0.37494407158836685,0.2782997762863535
ACEInhibitors,17,1.0,1.0,0.9702380952380952,0.9880952380952381,0.9047619047619048,,500,0.0,0.0,0.21252796420581654,0.0442953020134228,0.3798657718120806,0.3109619686800895
ACEInhibitors,18,0.9345238095238095,1.0,0.9523809523809523,1.0,0.8809523809523809,,500,0.3275167785234899,0.0,0.2536912751677852,0.0,0.40044742729306493,0.29843400447427293
ACEInhibitors,19,1.0,1.0,0.9821428571428571,0.9880952380952381,0.8392857142857143,,500,0.0,0.0,0.20178970917225947,0.08322147651006706,0.5046979865771812,0.3123042505592841
ADHD,0,0.9759036144578314,1.0,1.0,1.0,0.963855421686747,,200,0.4084682440846824,0.0,0.11207970112079702,0.0,0.4346201743462017,0.5006226650062267
ADHD,1,0.8313253012048193,1.0,0.9879518072289156,1.0,0.9879518072289156,,200,0.6338729763387297,0.0,0.33374844333748444,0.06973848069738475,0.39601494396014947,0.5305105853051059
ADHD,2,1.0,1.0,0.963855421686747,1.0,0.9518072289156626,,200,0.0,0.0,0.25902864259028646,0.0,0.41843088418430885,0.4806973848069739
ADHD,3,0.9759036144578314,1.0,0.9879518072289156,1.0,0.9879518072289156,,200,0.42092154420921546,0.0,0.25778331257783316,0.0,0.3200498132004981,0.47820672478206727
ADHD,4,0.8795180722891566,1.0,0.963855421686747,1.0,0.891566265060241,,200,0.6189290161892902,0.0,0.2752179327521793,0.0,0.5529265255292652,0.47820672478206727
ADHD,5,1.0,1.0,0.9879518072289156,1.0,0.963855421686747,,200,0.0,0.0,0.3001245330012453,0.0,0.4657534246575342,0.535491905354919
ADHD,6,0.8795180722891566,1.0,0.963855421686747,1.0,0.9518072289156626,,200,0.5653798256537983,0.0,0.25280199252801994,0.0,0.4072229140722291,0.46948941469489414
ADHD,7,1.0,1.0,0.9879518072289156,1.0,0.9759036144578314,,200,0.0,0.0,0.2938978829389788,0.0,0.44333748443337484,0.5554171855541719
ADHD,8,0.9759036144578314,1.0,0.963855421686747,1.0,0.963855421686747,,200,0.23412204234122047,0.0,0.30510585305105853,0.0,0.36737235367372356,0.4582814445828145
ADHD,9,0.8795180722891566,1.0,1.0,1.0,0.9759036144578314,,200,0.6052303860523038,0.0,0.1095890410958904,0.0,0.31008717310087175,0.4582814445828145
ADHD,10,0.9759036144578314,1.0,1.0,1.0,0.9518072289156626,,200,0.3723536737235368,0.0,0.1070983810709838,0.0,0.41967621419676215,0.4819427148194272
ADHD,11,1.0,1.0,0.9879518072289156,1.0,0.963855421686747,,200,0.0,0.0,0.3026151930261519,0.0,0.5006226650062267,0.5728518057285181
ADHD,12,0.8795180722891566,1.0,0.963855421686747,1.0,0.9518072289156626,,200,0.6039850560398505,0.0,0.2627646326276464,0.0,0.4034869240348692,0.4657534246575342
ADHD,13,1.0,1.0,0.963855421686747,1.0,0.963855421686747,,200,0.0,0.0,0.3287671232876712,0.0,0.39103362391033625,0.4657534246575342
ADHD,14,1.0,1.0,0.9759036144578314,1.0,0.963855421686747,,200,0.0,0.0,0.31008717310087175,0.0,0.44458281444582815,0.5554171855541719
ADHD,15,0.8313253012048193,1.0,0.963855421686747,1.0,0.963855421686747,,200,0.6164383561643836,0.0,0.3026151930261519,0.0,0.36488169364881695,0.44707347447073476
ADHD,16,1.0,1.0,0.963855421686747,1.0,0.9156626506024096,,200,0.0,0.0,0.3225404732254047,0.0,0.523038605230386,0.4645080946450809
ADHD,17,1.0,1.0,1.0,1.0,0.963855421686747,,200,0.0,0.0,0.10460772104607718,0.0,0.4047322540473225,0.49813200498132004
ADHD,18,0.9759036144578314,1.0,0.9879518072289156,1.0,0.9759036144578314,,200,0.5080946450809465,0.0,0.3001245330012453,0.0062266500622665255,0.44582814445828145,0.547945205479452
ADHD,19,1.0,1.0,1.0,1.0,0.9518072289156626,,200,0.0,0.0,0.10087173100871727,0.0,0.4308841843088418,0.4931506849315068
AtypicalAntipsychotics,0,0.993993993993994,1.0,1.0,1.0,1.0,,200,0.016488845780795347,0.0,0.0,0.0,0.0,0.16585838991270607
AtypicalAntipsychotics,1,0.963963963963964,1.0,1.0,1.0,1.0,,200,0.10378273520853543,0.0,0.0,0.0,0.0,0.12900096993210475
AtypicalAntipsychotics,2,1.0,1.0,1.0,1.0,1.0,,200,0.0,0.0,0.0,0.0,0.0,0.11930164888457806
AtypicalAntipsychotics,3,1.0,1.0,1.0,1.0,1.0,,200,0.0,0.0,0.0,0.0,0.0,0.12221144519883609
AtypicalAntipsychotics,4,0.8858858858858859,1.0,1.0,1.0,1.0,,200,0.27546071774975756,0.0,0.0,0.0,0.0,0.11445198836081472
AtypicalAntipsychotics,5,1.0,1.0,1.0,1.0,1.0,,200,0.0,0.0,0.0,0.0,0.0,0.14451988360814738
AtypicalAntipsychotics,6,0.9309309309309309,1.0,1.0,1.0,1.0,,200,0.18622696411251216,0.0,0.0,0.0,0.0,0.12900096993210475
AtypicalAntipsychotics,7,1.0,1.0,1.0,1.0,1.0,,200,0.0,0.0,0.0,0.0,0.0,0.1454898157129001
AtypicalAntipsychotics,8,1.0,1.0,1.0,1.0,1.0,,200,0.0,0.0,0.0,0.0,0.0,0.15130940834141615
AtypicalAntipsychotics,9,1.0,1.0,1.0,1.0,1.0,,200,0.0,0.0,0.0,0.0,0.0,0.14451988360814738
AtypicalAntipsychotics,10,0.8858858858858859,1.0,1.0,1.0,1.0,,200,0.2570320077594569,0.0,0.0,0.0,0.0,0.1464597478176528
AtypicalAntipsychotics,11,1.0,1.0,1.0,1.0,1.0,,200,0.0,0.0,0.0,0.0,0.0,0.14354995150339478
AtypicalAntipsychotics,12,1.0,1.0,1.0,1.0,1.0,,200,0.0,0.0,0.0,0.0,0.0,0.14064015518913675
AtypicalAntipsychotics,13,0.963963963963964,1.0,1.0,1.0,0.978978978978979,,200,0.12124151309408338,0.0,0.0,0.0,0.047526673132880726,0.16488845780795347
AtypicalAntipsychotics,14,1.0,1.0,1.0,1.0,1.0,,200,0.0,0.0,0.0,0.0,0.0,0.1474296799224054
AtypicalAntipsychotics,15,0.978978978978979,1.0,1.0,1.0,1.0,,200,0.04558680892337541,0.0,0.0,0.0,0.0,0.15130940834141615
AtypicalAntipsychotics,16,0.9009009009009009,1.0,1.0,1.0,1.0,,200,0.22114451988360817,0.0,0.0,0.0,0.0,0.11348205625606211
AtypicalAntipsychotics,17,1.0,1.0,1.0,1.0,1.0,,200,0.0,0.0,0.0,0.0,0.0,0.14258001939864207
AtypicalAntipsychotics,18,0.9309309309309309,1.0,1.0,1.0,1.0,,200,0.17361784675072744,0.0,0.0,0.0,0.0,0.11348205625606211
AtypicalAntipsychotics,19,1.0,1.0,1.0,1.0,0.9669669669669669,,200,0.0,0.0,0.0,0.0,0.06013579049466533,0.14354995150339478
AtypicalAntipsychotics,0,1.0,1.0,1.0,1.0,1.0,,500,0.0,0.0,0.0,0.0,0.0,0.11833171677982546
AtypicalAntipsychotics,1,1.0,1.0,1.0,1.0,1.0,,500,0.0,0.0,0.0,0.0,0.0,0.13870029097963144
AtypicalAntipsychotics,2,0.9369369369369369,1.0,1.0,1.0,1.0,,500,0.14936954413191073,0.0,0.0,0.0,0.0,0.12027158098933077
AtypicalAntipsychotics,3,0.963963963963964,1.0,1.0,1.0,1.0,,500,0.10184287099903011,0.0,0.0,0.0,0.0,0.12803103782735203
AtypicalAntipsychotics,4,1.0,1.0,1.0,1.0,1.0,,500,0.0,0.0,0.0,0.0,0.0,0.12221144519883609
AtypicalAntipsychotics,5,0.96996996996997,1.0,1.0,1.0,1.0,,500,0.058195926285160016,0.0,0.0,0.0,0.0,0.13676042677012612
AtypicalAntipsychotics,6,0.993993993993994,1.0,1.0,1.0,1.0,,500,0.012609117361784716,0.0,0.0,0.0,0.0,0.11639185257032003
AtypicalAntipsychotics,7,0.9429429429429429,1.0,1.0,1.0,1.0,,500,0.12221144519883609,0.0,0.0,0.0,0.0,0.11057225994180409
AtypicalAntipsychotics,8,1.0,1.0,1.0,1.0,1.0,,500,0.0,0.0,0.0,0.0,0.0,0.1357904946653734
AtypicalAntipsychotics,9,1.0,1.0,1.0,1.0,0.9819819819819819,,500,0.0,0.0,0.0,0.0,0.03394762366634341,0.15615906886517938
AtypicalAntipsychotics,10,1.0,1.0,1.0,1.0,1.0,,500,0.0,0.0,0.0,0.0,0.0,0.09893307468477208
AtypicalAntipsychotics,11,1.0,1.0,1.0,1.0,1.0,,500,0.0,0.0,0.0,0.0,0.0,0.14451988360814738
AtypicalAntipsychotics,12,0.918918918918919,1.0,1.0,1.0,1.0,,500,0.16003879728419013,0.0,0.0,0.0,0.0,0.10960232783705137
AtypicalAntipsychotics,13,1.0,1.0,1.0,1.0,1.0,,500,0.0,0.0,0.0,0.0,0.0,0.10184287099903011
AtypicalAntipsychotics,14,1.0,1.0,1.0,1.0,1.0,,500,0.004849660523763344,0.0,0.0,0.0,0.0,0.10766246362754606
AtypicalAntipsychotics,15,0.987987987987988,1.0,1.0,1.0,1.0,,500,0.023278370514064006,0.0,0.0,0.0,0.0,0.10669253152279345
AtypicalAntipsychotics,16,1.0,1.0,1.0,1.0,1.0,,500,0.0,0.0,0.0,0.0,0.0,0.0795344325897187
AtypicalAntipsychotics,17,1.0,1.0,1.0,1.0,1.0,,500,0.0,0.0,0.0,0.0,0.0,0.1454898157129001
AtypicalAntipsychotics,18,1.0,1.0,1.0,1.0,1.0,,500,0.0,0.0,0.0,0.0,0.0,0.14839961202715812
AtypicalAntipsychotics,19,0.987987987987988,1.0,1.0,1.0,1.0,,500,0.03879728419010664,0.0,0.0,0.0,0.0,0.1231813773035888
BetaBlockers,0,0.7666666666666667,1.0,1.0,1.0,0.9666666666666667,,200,0.5088093966898024,0.0,0.0,0.0,0.14095034703683929,0.18686599038974905
BetaBlockers,1,0.837037037037037,1.0,1.0,1.0,1.0,,200,0.391350774159103,0.0,0.0,0.0,0.014415376401494928,0.1751201281366791
BetaBlockers,2,1.0,1.0,1.0,1.0,0.9111111111111111,,200,0.0,0.0,0.0,0.0,0.27442605445808865,0.16604378003203413
BetaBlockers,3,1.0,1.0,1.0,1.0,0.8814814814814815,,200,0.0,0.0,0.0,0.0,0.3529097704217833,0.16924719701014412
BetaBlockers,4,1.0,1.0,1.0,1.0,0.9148148148148149,,200,0.0,0.0,0.0,0.0,0.2957821676454885,0.18099305926321407
BetaBlockers,5,1.0,1.0,1.0,1.0,0.9518518518518518,,200,0.0,0.0,0.0,0.0,0.16764548852108918,0.19434063000533908
BetaBlockers,6,0.7333333333333333,1.0,1.0,1.0,0.8851851851851852,,200,0.5552589428723973,0.0,0.0,0.0,0.3198077949813134,0.19327282434596904
BetaBlockers,7,0.9037037037037037,1.0,1.0,1.0,0.9074074074074074,,200,0.3368926855312333,0.0,0.0,0.0,0.2872397223705285,0.16284036305392413
BetaBlockers,8,1.0,1.0,1.0,1.0,0.9,,200,0.0,0.0,0.0,0.0,0.2968499733048585,0.1377469300587293
BetaBlockers,9,0.8703703703703703,1.0,0.9925925925925926,1.0,0.9925925925925926,,200,0.35130806193272823,0.0,0.038441003737319845,0.0,0.06513614522156963,0.17939135077415913
BetaBlockers,10,0.9037037037037037,1.0,1.0,1.0,0.9074074074074074,,200,0.3021890016017085,0.0,0.0,0.0,0.2728243459690336,0.1585691404164442
BetaBlockers,11,0.9407407407407408,1.0,1.0,1.0,0.9148148148148149,,200,0.17778964228510408,0.0,0.0,0.0,0.2856380138814736,0.16337426588360915
BetaBlockers,12,1.0,1.0,1.0,1.0,0.9259259259259259,,200,0.0,0.0,0.0,0.0,0.24666310731446872,0.1548318206086492
BetaBlockers,13,0.837037037037037,1.0,1.0,1.0,0.9148148148148149,,200,0.4201815269620929,0.0,0.0,0.0,0.2653497063534437,0.17992525360384415
BetaBlockers,14,1.0,1.0,0.9925925925925926,1.0,0.9666666666666667,,200,0.0,0.0,0.05178857447944474,0.0,0.14201815269620932,0.21302722904431393
BetaBlockers,15,0.9740740740740741,1.0,1.0,1.0,0.7925925925925926,,200,0.10998398291510947,0.0,0.0,0.0,0.45328350240256277,0.17351841964762416
BetaBlockers,16,1.0,1.0,1.0,1.0,0.9,,200,0.0,0.0,0.0,0.0,0.2936465563267485,0.1649759743726642
BetaBlockers,17,0.8703703703703703,1.0,1.0,1.0,0.9925925925925926,,200,0.3737319807794981,0.0,0.0,0.0,0.03737319807794981,0.14895888948211422
BetaBlockers,18,1.0,1.0,1.0,1.0,0.9296296296296296,,200,0.0,0.0,0.0,0.0,0.22263747997864392,0.15429791777896418
BetaBlockers,19,1.0,1.0,1.0,1.0,0.9703703703703703,,200,0.0,0.0,0.0,0.0,0.11906033101975444,0.18579818473037912
BetaBlockers,0,1.0,1.0,0.9962962962962963,1.0,0.9962962962962963,,500,0.0,0.0,0.048051254671649724,0.0,0.07474639615589962,0.21142552055525898
BetaBlockers,1,1.0,1.0,1.0,1.0,0.9407407407407408,,500,0.0,0.0,0.0,0.0,0.21623064602242392,0.19914575547250402
BetaBlockers,2,1.0,1.0,1.0,1.0,0.9962962962962963,,500,0.0,0.0,0.0,0.0,0.03256807261078487,0.18312867058195403
BetaBlockers,3,0.9592592592592593,1.0,1.0,1.0,0.9518518518518518,,500,0.18686599038974905,0.0,0.0,0.0,0.20128136679124398,0.22797650827549387
BetaBlockers,4,0.9185185185185185,1.0,1.0,1.0,1.0,,500,0.20608649225840892,0.0,0.0,0.0,0.0,0.13934863854778434
BetaBlockers,5,1.0,1.0,1.0,1.0,0.9962962962962963,,500,0.0,0.0,0.0,0.0,0.03310197544046989,0.17298451681793914
BetaBlockers,6,0.8777777777777778,1.0,1.0,1.0,0.9259259259259259,,500,0.3069941270688734,0.0,0.0,0.0,0.20662039508809393,0.16230646022423922
BetaBlockers,7,1.0,1.0,1.0,1.0,0.9777777777777777,,500,0.0,0.0,0.0,0.0,0.09236518953550454,0.19807794981313398
BetaBlockers,8,1.0,1.0,1.0,1.0,0.9777777777777777,,500,0.0,0.0,0.0,0.0,0.08809396689802451,0.16924719701014412
BetaBlockers,9,1.0,1.0,1.0,1.0,0.9481481481481482,,500,0.0,0.0,0.0,0.0,0.189001601708489,0.18312867058195403
BetaBlockers,10,0.9592592592592593,1.0,1.0,1.0,0.9962962962962963,,500,0.19701014415376406,0.0,0.0,0.0,0.036305392418579774,0.21035771489588895
BetaBlockers,11,1.0,1.0,1.0,1.0,0.9962962962962963,,500,0.0,0.0,0.0,0.0,0.019754404698344885,0.19434063000533908
BetaBlockers,12,1.0,1.0,1.0,1.0,0.937037037037037,,500,0.0,0.0,0.0,0.0,0.19380672717565406,0.17992525360384415
BetaBlockers,13,0.9740740740740741,1.0,1.0,1.0,0.9629629629629629,,500,0.0977042178323545,0.0,0.0,0.0,0.12172984516817942,0.1815269620928991
BetaBlockers,14,0.9481481481481482,1.0,1.0,1.0,0.9814814814814815,,500,0.1687132941804591,0.0,0.0,0.0,0.0742124933262146,0.16711158569140416
BetaBlockers,15,1.0,1.0,1.0,1.0,0.9851851851851852,,500,0.0,0.0,0.0,0.0,0.0640683395621997,0.18099305926321407
BetaBlockers,16,1.0,1.0,1.0,1.0,0.9481481481481482,,500,0.0,0.0,0.0,0.0,0.2455953016550988,0.22370528563801384
BetaBlockers,17,1.0,1.0,1.0,1.0,0.9555555555555556,,500,0.0,0.0,0.0,0.0,0.1484249866524292,0.18579818473037912
BetaBlockers,18,1.0,1.0,1.0,1.0,1.0,,500,0.0,0.0,0.0,0.0,0.0026695141484249785,0.19967965830218903
BetaBlockers,19,1.0,1.0,1.0,1.0,0.9740740740740741,,500,0.0,0.0,0.0,0.0,0.12012813667912436,0.19594233849439402
CalciumChannelBlockers,0,0.7159533073929961,0.9649805447470817,1.0,1.0,1.0,,200,0.5018050541516246,0.09476534296028882,0.0,0.0,0.0,0.10830324909747291
CalciumChannelBlockers,1,1.0,1.0,1.0,1.0,1.0,,200,0.0,0.0,0.0,0.0,0.0,0.09205776173285196
CalciumChannelBlockers,2,0.8443579766536965,1.0,1.0,1.0,1.0,,200,0.3528880866425993,0.0,0.0,0.0,0.0,0.1416967509025271
CalciumChannelBlockers,3,1.0,1.0,1.0,1.0,1.0,,200,0.0,0.0,0.0,0.0,0.0,0.17418772563176899
CalciumChannelBlockers,4,1.0,1.0,1.0,1.0,0.914396887159533,,200,0.0,0.0,0.0,0.0,0.2382671480144405,0.13808664259927794
CalciumChannelBlockers,5,0.9727626459143969,1.0,1.0,1.0,1.0,,200,0.07400722021660655,0.0,0.0,0.0,0.0,0.14259927797833938
CalciumChannelBlockers,6,1.0,1.0,1.0,1.0,1.0,,200,0.0,0.0,0.0,0.0,0.0,0.11462093862815881
CalciumChannelBlockers,7,0.9961089494163424,1.0,1.0,1.0,0.9688715953307393,,200,0.02797833935018046,0.0,0.0,0.0,0.07761732851985559,0.16877256317689526
CalciumChannelBlockers,8,0.9961089494163424,1.0,1.0,1.0,0.9066147859922179,,200,0.03790613718411551,0.0,0.0,0.0,0.2057761732851986,0.13086642599277976
CalciumChannelBlockers,9,0.8249027237354085,1.0,1.0,1.0,1.0,,200,0.3727436823104693,0.0,0.0,0.0,0.0,0.12364620938628157
CalciumChannelBlockers,10,0.953307392996109,1.0,1.0,1.0,1.0,,200,0.1407942238267148,0.0,0.0,0.0,0.0,0.1407942238267148
CalciumChannelBlockers,11,1.0,1.0,1.0,1.0,0.9610894941634242,,200,0.0,0.0,0.0,0.0,0.09927797833935015,0.16335740072202165
CalciumChannelBlockers,12,0.9961089494163424,1.0,1.0,1.0,1.0,,200,0.032490974729241895,0.0,0.0,0.0,0.0,0.14440433212996395
CalciumChannelBlockers,13,1.0,1.0,1.0,1.0,1.0,,200,0.0,0.0,0.0,0.0,0.0,0.12003610108303253
CalciumChannelBlockers,14,1.0,1.0,1.0,1.0,1.0,,200,0.0,0.0,0.0,0.0,0.0,0.13267148014440433
CalciumChannelBlockers,15,0.8249027237354085,1.0,1.0,1.0,1.0,,200,0.3916967509025271,0.0,0.0,0.0,0.0,0.14440433212996395
CalciumChannelBlockers,16,1.0,1.0,1.0,1.0,1.0,,200,0.0,0.0,0.0,0.0,0.0,0.11462093862815881
CalciumChannelBlockers,17,0.9105058365758755,1.0,1.0,1.0,1.0,,200,0.22924187725631773,0.0,0.0,0.0,0.0,0.12996389891696747
CalciumChannelBlockers,18,0.9105058365758755,1.0,1.0,1.0,1.0,,200,0.2445848375451264,0.0,0.0,0.0,0.0,0.14350180505415167
CalciumChannelBlockers,19,0.7587548638132295,1.0,1.0,1.0,1.0,,200,0.4675090252707581,0.0,0.0,0.0,0.0,0.12635379061371843
CalciumChannelBlockers,0,0.9610894941634242,1.0,1.0,1.0,1.0,,500,0.12003610108303253,0.0,0.0,0.0,0.0,0.1534296028880866
CalciumChannelBlockers,1,0.953307392996109,1.0,1.0,1.0,1.0,,500,0.11732851985559567,0.0,0.0,0.0,0.0,0.11732851985559567
CalciumChannelBlockers,2,0.9766536964980544,1.0,1.0,1.0,1.0,,500,0.06768953068592054,0.0,0.0,0.0,0.0,0.13898916967509023
CalciumChannelBlockers,3,0.933852140077821,1.0,1.0,1.0,1.0,,500,0.23285198555956677,0.0,0.0,0.0,0.0,0.14440433212996395
CalciumChannelBlockers,4,1.0,1.0,1.0,1.0,1.0,,500,0.0,0.0,0.0,0.0,0.0,0.12725631768953072
CalciumChannelBlockers,5,1.0,1.0,1.0,1.0,1.0,,500,0.0,0.0,0.0,0.0,0.0,0.12093862815884482
CalciumChannelBlockers,6,0.8910505836575876,1.0,1.0,1.0,1.0,,500,0.2184115523465704,0.0,0.0,0.0,0.0,0.11191335740072206
CalciumChannelBlockers,7,1.0,1.0,1.0,1.0,1.0,,500,0.0,0.0,0.0,0.0,0.0,0.12725631768953072
CalciumChannelBlockers,8,1.0,1.0,1.0,1.0,1.0,,500,0.0,0.0,0.0,0.0,0.0,0.10649819494584833
CalciumChannelBlockers,9,1.0,1.0,1.0,1.0,1.0,,500,0.0,0.0,0.0,0.0,0.0,0.128158844765343
CalciumChannelBlockers,10,0.9688715953307393,1.0,1.0,1.0,1.0,,500,0.12003610108303253,0.0,0.0,0.0,0.0,0.14530685920577613
CalciumChannelBlockers,11,1.0,1.0,1.0,1.0,1.0,,500,0.0,0.0,0.0,0.0,0.0,0.12725631768953072
CalciumChannelBlockers,12,1.0,1.0,1.0,1.0,1.0,,500,0.0,0.0,0.0,0.0,0.0,0.09927797833935015
CalciumChannelBlockers,13,1.0,1.0,1.0,1.0,1.0,,500,0.0,0.0,0.0,0.0,0.0,0.13989169675090252
CalciumChannelBlockers,14,1.0,1.0,1.0,1.0,1.0,,500,0.0,0.0,0.0,0.0,0.0,0.14530685920577613
CalciumChannelBlockers,15,0.9883268482490273,1.0,1.0,1.0,1.0,,500,0.056859205776173316,0.0,0.0,0.0,0.0,0.12906137184115518
CalciumChannelBlockers,16,1.0,1.0,1.0,1.0,1.0,,500,0.0,0.0,0.0,0.0,0.0,0.13086642599277976
CalciumChannelBlockers,17,1.0,1.0,1.0,1.0,1.0,,500,0.0,0.0,0.0,0.0,0.0,0.10740072202166062
CalciumChannelBlockers,18,0.9688715953307393,1.0,1.0,1.0,1.0,,500,0.08574007220216606,0.0,0.0,0.0,0.0,0.13808664259927794
CalciumChannelBlockers,19,1.0,1.0,1.0,1.0,1.0,,500,0.0,0.0,0.0,0.0,0.0,0.13718411552346566
Opiods,0,1.0,1.0,0.8372093023255814,0.8837209302325582,0.3953488372093023,,200,0.0,0.0,0.54627539503386,0.3888261851015802,0.8019187358916479,0.16422121896162534
Opiods,1,1.0,1.0,0.8604651162790697,0.9069767441860465,0.6744186046511628,,200,0.0,0.0,0.4926636568848759,0.3058690744920993,0.7009029345372461,0.22968397291196385
Opiods,2,0.6511627906976745,1.0,0.09302325581395349,0.09302325581395349,0.09302325581395349,,200,0.26805869074492095,0.0,0.8290067720090293,0.7725733634311512,0.8572234762979684,0.03273137697516926
Opiods,3,0.8372093023255814,1.0,0.8837209302325582,0.8837209302325582,0.09302325581395349,,200,0.5445823927765236,0.0,0.458803611738149,0.40237020316027083,0.8589164785553047,0.2161399548532731
Opiods,4,1.0,1.0,0.7674418604651163,0.8837209302325582,0.6511627906976745,,200,0.0,0.0,0.567155756207675,0.37133182844243795,0.6867945823927766,0.23194130925507905
Opiods,5,0.6511627906976745,1.0,0.8372093023255814,0.8837209302325582,0.4418604651162791,,200,0.659706546275395,0.0,0.5062076749435667,0.33972911963882624,0.7607223476297968,0.1608352144469526
Opiods,6,0.6511627906976745,1.0,0.13953488372093023,0.27906976744186046,0.13953488372093023,,200,0.3143340857787811,0.0,0.8053047404063205,0.5141083521444696,0.8335214446952596,0.14954853273137703
Opiods,7,0.6511627906976745,1.0,0.8604651162790697,0.8837209302325582,0.7209302325581395,,200,0.6709932279909707,0.0,0.5056433408577878,0.350451467268623,0.6060948081264108,0.1659142212189616
Opiods,8,1.0,1.0,0.8604651162790697,0.8837209302325582,0.20930232558139536,,200,0.0,0.0,0.4802483069977427,0.34480812641083525,0.8244920993227991,0.16196388261851014
Opiods,9,1.0,1.0,0.9302325581395349,0.9302325581395349,0.20930232558139536,,200,0.0,0.0,0.4469525959367946,0.39051918735891644,0.8577878103837472,0.21501128668171554
Opiods,10,0.8372093023255814,1.0,0.7441860465116279,0.8837209302325582,0.7441860465116279,,200,0.5321670428893905,0.0,0.6382618510158014,0.350451467268623,0.6664785553047404,0.16478555304740405
Opiods,11,1.0,1.0,0.9069767441860465,0.9069767441860465,0.7441860465116279,,200,0.0,0.0,0.3899548532731377,0.3335214446952596,0.6822799097065463,0.2353273137697517
Opiods,12,0.8372093023255814,1.0,0.8837209302325582,0.8837209302325582,0.3953488372093023,,200,0.5490970654627539,0.0,0.4881489841986456,0.43171557562076746,0.7669300225733634,0.1585778781038375
Opiods,13,0.6511627906976745,1.0,0.8837209302325582,0.8837209302325582,0.6744186046511628,,200,0.7014672686230248,0.0,0.43397291196388266,0.3775395033860045,0.6670428893905191,0.16478555304740405
Opiods,14,1.0,1.0,0.8837209302325582,0.9069767441860465,0.20930232558139536,,200,0.0,0.0,0.4757336343115124,0.3244920993227991,0.8589164785553047,0.23476297968397286
Opiods,15,0.8372093023255814,1.0,0.16279069767441862,0.9302325581395349,0.09302325581395349,,200,0.40237020316027083,0.0,0.7533860045146727,0.2590293453724605,0.8589164785553047,0.1202031602708804
Opiods,16,1.0,1.0,0.6744186046511628,0.9302325581395349,0.6744186046511628,,200,0.0,0.0,0.682844243792325,0.30361173814898423,0.7110609480812642,0.16252821670428896
Opiods,17,0.8372093023255814,1.0,0.8837209302325582,0.9069767441860465,0.7209302325581395,,200,0.5440180586907449,0.0,0.4351015801354402,0.2878103837471784,0.5942437923250564,0.19920993227990968
Opiods,18,1.0,1.0,0.8837209302325582,0.8837209302325582,0.23255813953488372,,200,0.0,0.0,0.45033860045146723,0.3939051918735892,0.8481941309255079,0.21501128668171554
Opiods,19,0.8372093023255814,1.0,0.16279069767441862,0.16279069767441862,0.09302325581395349,,200,0.2257336343115124,0.0,0.7121896162528216,0.6557562076749436,0.8589164785553047,0.15237020316027083
Opiods,0,1.0,1.0,0.7906976744186046,1.0,0.6976744186046512,,500,0.0,0.0,0.4661399548532731,0.0,0.5558690744920993,0.1275395033860045
Opiods,1,1.0,1.0,0.8372093023255814,0.8837209302325582,0.6744186046511628,,500,0.0,0.0,0.4441309255079007,0.3030474040632054,0.572234762979684,0.13769751693002252
Opiods,2,0.7674418604651163,1.0,0.6744186046511628,0.9069767441860465,0.6744186046511628,,500,0.47009029345372455,0.0,0.4836343115124153,0.23984198645598198,0.5118510158013544,0.17494356659142207
Opiods,3,0.7674418604651163,1.0,0.7441860465116279,1.0,0.7441860465116279,,500,0.4802483069977427,0.0,0.49153498871331824,0.0028216704288939187,0.5197516930022573,0.17494356659142207
Opiods,4,0.8372093023255814,1.0,0.6976744186046512,0.9302325581395349,0.6976744186046512,,500,0.37810383747178333,0.0,0.5299097065462754,0.21444695259593682,0.5581264108352144,0.13600451467268626
Opiods,5,0.6744186046511628,1.0,0.7674418604651163,0.8837209302325582,0.7674418604651163,,500,0.5936794582392777,0.0,0.5090293453724605,0.34537246049661396,0.5372460496613995,0.1343115124153499
Opiods,6,1.0,1.0,0.6976744186046512,0.9069767441860465,0.6976744186046512,,500,0.0,0.0,0.5705417607223476,0.26523702031602714,0.5987584650112867,0.12584650112866813
Opiods,7,0.9302325581395349,1.0,0.7906976744186046,1.0,0.7906976744186046,,500,0.20372460496613998,0.0,0.48702031602708806,0.0,0.515237020316027,0.13600451467268626
Opiods,8,1.0,1.0,0.9767441860465116,0.9767441860465116,0.6511627906976745,,500,0.0,0.0,0.2691873589164786,0.21275395033860045,0.5541760722347631,0.3261851015801355
Opiods,9,0.8372093023255814,1.0,0.8604651162790697,0.9534883720930233,0.46511627906976744,,500,0.458803611738149,0.0,0.39334085778781036,0.23702031602708806,0.6297968397291196,0.34988713318284426
Opiods,10,1.0,1.0,0.8837209302325582,0.9534883720930233,0.7441860465116279,,500,0.0,0.0,0.34537246049661396,0.08860045146726858,0.515237020316027,0.20146726862302478
Opiods,11,0.8372093023255814,1.0,0.8837209302325582,0.8837209302325582,0.5581395348837209,,500,0.4621896162528216,0.0,0.3346501128668171,0.2782167042889391,0.6015801354401806,0.19638826185101577
Opiods,12,1.0,1.0,0.8372093023255814,1.0,0.6976744186046512,,500,0.0,0.0,0.4446952595936795,0.0,0.5688487584650113,0.1320541760722348
Opiods,13,0.7674418604651163,1.0,0.6511627906976745,0.8837209302325582,0.6511627906976745,,500,0.48927765237020315,0.0,0.5609480812641083,0.2934537246049661,0.5891647855530474,0.13318284424379234
Opiods,14,1.0,1.0,0.7209302325581395,0.7209302325581395,0.6976744186046512,,500,0.0,0.0,0.5310383747178329,0.47460496613995484,0.5948081264108351,0.13374717832957106
Opiods,15,1.0,1.0,0.7441860465116279,1.0,0.7441860465116279,,500,0.0,0.0,0.5660270880361173,0.0,0.5942437923250564,0.13036117381489842
Opiods,16,1.0,1.0,0.7441860465116279,1.0,0.7209302325581395,,500,0.0,0.0,0.5186230248306998,0.053047404063205406,0.5931151241534989,0.2528216704288939
Opiods,17,1.0,1.0,0.6976744186046512,0.9302325581395349,0.6976744186046512,,500,0.0,0.0,0.520316027088036,0.23758465011286678,0.5485327313769752,0.17832957110609482
Opiods,18,0.8372093023255814,1.0,0.9302325581395349,0.9302325581395349,0.6046511627906976,,500,0.44808126410835214,0.0,0.3436794582392777,0.28724604966139955,0.5395033860045146,0.18340857787810383
Opiods,19,1.0,1.0,0.8372093023255814,0.8372093023255814,0.8372093023255814,,500,0.0,0.0,0.49153498871331824,0.4351015801354402,0.5197516930022573,0.13487584650112872
OralHypoglycemics,0,1.0,1.0,1.0,1.0,1.0,,200,0.0,0.0,0.0,0.0,0.0,0.15368421052631576
OralHypoglycemics,1,0.9777777777777777,1.0,1.0,1.0,1.0,,200,0.05894736842105264,0.0,0.0,0.0,0.0,0.1010526315789474
OralHypoglycemics,2,0.9407407407407408,1.0,1.0,1.0,1.0,,200,0.1663157894736842,0.0,0.0,0.0,0.0,0.14526315789473687
OralHypoglycemics,3,0.9555555555555556,1.0,1.0,1.0,1.0,,200,0.12421052631578944,0.0,0.0,0.0,0.0,0.12421052631578944
OralHypoglycemics,4,1.0,1.0,1.0,1.0,1.0,,200,0.0,0.0,0.0,0.0,0.0,0.1010526315789474
OralHypoglycemics,5,0.9555555555555556,1.0,1.0,1.0,1.0,,200,0.10736842105263156,0.0,0.0,0.0,0.0,0.10736842105263156
OralHypoglycemics,6,0.9407407407407408,1.0,1.0,1.0,1.0,,200,0.13263157894736843,0.0,0.0,0.0,0.0,0.0926315789473684
OralHypoglycemics,7,1.0,1.0,1.0,1.0,1.0,,200,0.0,0.0,0.0,0.0,0.0,0.14526315789473687
OralHypoglycemics,8,1.0,1.0,1.0,1.0,1.0,,200,0.0,0.0,0.0,0.0,0.0,0.0926315789473684
OralHypoglycemics,9,0.9259259259259259,1.0,1.0,1.0,1.0,,200,0.14526315789473687,0.0,0.0,0.0,0.0,0.11789473684210527
OralHypoglycemics,10,0.9777777777777777,1.0,1.0,1.0,1.0,,200,0.06105263157894736,0.0,0.0,0.0,0.0,0.12210526315789472
OralHypoglycemics,11,0.9037037037037037,1.0,1.0,1.0,1.0,,200,0.1936842105263158,0.0,0.0,0.0,0.0,0.09052631578947368
OralHypoglycemics,12,1.0,1.0,1.0,1.0,1.0,,200,0.0,0.0,0.0,0.0,0.0,0.1578947368421053
OralHypoglycemics,13,1.0,1.0,1.0,1.0,1.0,,200,0.0,0.0,0.0,0.0,0.0,0.13263157894736843
OralHypoglycemics,14,1.0,1.0,1.0,1.0,1.0,,200,0.0,0.0,0.0,0.0,0.0,0.17894736842105263
OralHypoglycemics,15,1.0,1.0,1.0,1.0,1.0,,200,0.0,0.0,0.0,0.0,0.0,0.06947368421052635
OralHypoglycemics,16,1.0,1.0,1.0,1.0,1.0,,200,0.0,0.0,0.0,0.0,0.0,0.08842105263157896
OralHypoglycemics,17,0.8888888888888888,1.0,1.0,1.0,1.0,,200,0.20631578947368423,0.0,0.0,0.0,0.0,0.09052631578947368
OralHypoglycemics,18,0.9555555555555556,1.0,1.0,1.0,1.0,,200,0.11578947368421055,0.0,0.0,0.0,0.0,0.11578947368421055
OralHypoglycemics,19,0.9777777777777777,1.0,1.0,1.0,1.0,,200,0.07789473684210524,0.0,0.0,0.0,0.0,0.10947368421052628
ProtonPumpInhibitors,0,1.0,1.0,1.0,1.0,0.9911894273127754,,200,0.0,0.0,0.0,0.0,0.02064409578860449,0.1321222130470685
ProtonPumpInhibitors,1,0.9911894273127754,1.0,1.0,1.0,0.9779735682819384,,200,0.035507844756399676,0.0,0.0,0.0,0.04872006606110657,0.12221304706853842
ProtonPumpInhibitors,2,0.9118942731277533,1.0,1.0,1.0,1.0,,200,0.18497109826589597,0.0,0.0,0.0,0.0,0.1288191577208918
ProtonPumpInhibitors,3,1.0,1.0,1.0,1.0,1.0,,200,0.0,0.0,0.0,0.0,0.0,0.1395540875309661
ProtonPumpInhibitors,4,1.0,1.0,1.0,1.0,0.9955947136563876,,200,0.0,0.0,0.0,0.0,0.005780346820809301,0.1494632535094963
ProtonPumpInhibitors,5,1.0,1.0,1.0,1.0,0.9911894273127754,,200,0.0,0.0,0.0,0.0,0.004128819157720898,0.17423616845582168
ProtonPumpInhibitors,6,0.8061674008810573,1.0,1.0,1.0,0.9911894273127754,,200,0.35094962840627586,0.0,0.0,0.0,0.009083402146985997,0.1412056151940545
ProtonPumpInhibitors,7,1.0,1.0,1.0,1.0,0.9911894273127754,,200,0.0,0.0,0.0,0.0,0.009083402146985997,0.1370767960363336
ProtonPumpInhibitors,8,1.0,1.0,1.0,1.0,0.986784140969163,,200,0.0,0.0,0.0,0.0,0.04789430222956237,0.1552436003303055
ProtonPumpInhibitors,9,1.0,1.0,1.0,1.0,0.973568281938326,,200,0.0,0.0,0.0,0.0,0.06771263418662266,0.152766308835673
ProtonPumpInhibitors,10,1.0,1.0,1.0,1.0,0.9911894273127754,,200,0.0,0.0,0.0,0.0,0.018166804293971883,0.1345995045417011
ProtonPumpInhibitors,11,1.0,1.0,1.0,1.0,1.0,,200,0.0,0.0,0.0,0.0,0.0,0.10487200660611062
ProtonPumpInhibitors,12,0.9383259911894273,1.0,1.0,1.0,1.0,,200,0.19157720891824936,0.0,0.0,0.0,0.0,0.1626754748142032
ProtonPumpInhibitors,13,0.9911894273127754,1.0,1.0,1.0,0.9911894273127754,,200,0.05037159372419486,0.0,0.0,0.0,0.009083402146985997,0.11312964492155242
ProtonPumpInhibitors,14,0.9911894273127754,1.0,1.0,1.0,1.0,,200,0.04376548307184147,0.0,0.0,0.0,0.0,0.152766308835673
ProtonPumpInhibitors,15,0.8854625550660793,1.0,1.0,1.0,0.9911894273127754,,200,0.25268373245251863,0.0,0.0,0.0,0.012386457473162693,0.1354252683732452
ProtonPumpInhibitors,16,1.0,1.0,1.0,1.0,0.9955947136563876,,200,0.0,0.0,0.0,0.0,0.009909165978530088,0.1478117258464079
ProtonPumpInhibitors,17,0.9118942731277533,1.0,1.0,1.0,1.0,,200,0.21635012386457475,0.0,0.0,0.0,0.0,0.152766308835673
ProtonPumpInhibitors,18,0.8061674008810573,1.0,1.0,1.0,0.9911894273127754,,200,0.3963666391412056,0.0,0.0,0.0,0.009083402146985997,0.1288191577208918
ProtonPumpInhibitors,19,0.9118942731277533,1.0,1.0,1.0,1.0,,200,0.17919075144508667,0.0,0.0,0.0,0.0,0.1453344343517754
ProtonPumpInhibitors,0,1.0,1.0,1.0,1.0,0.9911894273127754,,500,0.0,0.0,0.0,0.0,0.009083402146985997,0.12221304706853842
ProtonPumpInhibitors,1,1.0,1.0,1.0,1.0,1.0,,500,0.0,0.0,0.0,0.0,0.0,0.11065235342691992
ProtonPumpInhibitors,2,0.8986784140969163,1.0,1.0,1.0,0.9911894273127754,,500,0.19983484723369116,0.0,0.0,0.0,0.008257638315441795,0.1337737407101569
ProtonPumpInhibitors,3,1.0,1.0,1.0,1.0,1.0,,500,0.0,0.0,0.0,0.0,0.0,0.11478117258464082
ProtonPumpInhibitors,4,1.0,1.0,1.0,1.0,1.0,,500,0.0,0.0,0.0,0.0,0.0,0.17753922378199838
ProtonPumpInhibitors,5,1.0,1.0,1.0,1.0,0.9911894273127754,,500,0.0,0.0,0.0,0.0,0.01568951279933939,0.12303881090008262
ProtonPumpInhibitors,6,0.973568281938326,1.0,1.0,1.0,1.0,,500,0.09000825763831544,0.0,0.0,0.0,0.002477291494632494,0.1486374896779521
ProtonPumpInhibitors,7,1.0,1.0,1.0,1.0,1.0,,500,0.0,0.0,0.0,0.0,0.012386457473162693,0.12634186622625931
ProtonPumpInhibitors,8,1.0,1.0,1.0,1.0,1.0,,500,0.0,0.0,0.0,0.0,0.0,0.11230388109000822
ProtonPumpInhibitors,9,1.0,1.0,1.0,1.0,1.0,,500,0.0,0.0,0.0,0.0,0.0,0.12386457473162671
ProtonPumpInhibitors,10,1.0,1.0,1.0,1.0,1.0,,500,0.0,0.0,0.0,0.0,0.0,0.1511147811725846
ProtonPumpInhibitors,11,1.0,1.0,1.0,1.0,0.9647577092511013,,500,0.0,0.0,0.0,0.0,0.10900082576383152,0.16845582163501238
ProtonPumpInhibitors,12,0.986784140969163,1.0,1.0,1.0,0.9559471365638766,,500,0.06771263418662266,0.0,0.0,0.0,0.11230388109000822,0.16432700247729148
ProtonPumpInhibitors,13,0.9559471365638766,1.0,1.0,1.0,1.0,,500,0.11312964492155242,0.0,0.0,0.0,0.0,0.11973575557390581
ProtonPumpInhibitors,14,0.9559471365638766,1.0,1.0,1.0,1.0,,500,0.1304706853839802,0.0,0.0,0.0,0.0,0.1312964492155244
ProtonPumpInhibitors,15,1.0,1.0,1.0,1.0,1.0,,500,0.0,0.0,0.0,0.0,0.0,0.16432700247729148
ProtonPumpInhibitors,16,1.0,1.0,1.0,1.0,1.0,,500,0.0,0.0,0.0,0.0,0.0,0.1370767960363336
ProtonPumpInhibitors,17,0.920704845814978,1.0,1.0,1.0,1.0,,500,0.19818331957060276,0.0,0.0,0.0,0.0,0.1354252683732452
ProtonPumpInhibitors,18,1.0,1.0,1.0,1.0,0.9911894273127754,,500,0.0,0.0,0.0,0.0,0.013212221304706895,0.1321222130470685
ProtonPumpInhibitors,19,0.9647577092511013,1.0,1.0,1.0,1.0,,500,0.08918249380677123,0.0,0.0,0.0,0.0,0.152766308835673
SkeletalMuscleRelaxants,0,0.5,1.0,0.8333333333333334,0.8333333333333334,0.6,,200,0.7788461538461539,0.0,0.5399408284023668,0.46597633136094674,0.7004437869822485,0.2825443786982249
SkeletalMuscleRelaxants,1,0.9333333333333333,1.0,0.8333333333333334,0.8333333333333334,0.6666666666666666,,200,0.2951183431952663,0.0,0.5495562130177515,0.4755917159763313,0.6863905325443787,0.2847633136094675
SkeletalMuscleRelaxants,2,0.9333333333333333,1.0,0.6333333333333333,0.9,0.6333333333333333,,200,0.3431952662721893,0.0,0.6605029585798816,0.39127218934911245,0.6974852071005917,0.3202662721893491
SkeletalMuscleRelaxants,3,1.0,1.0,0.8666666666666667,0.9,0.8,,200,0.0,0.0,0.5680473372781065,0.35872781065088755,0.7011834319526626,0.3173076923076923
SkeletalMuscleRelaxants,4,1.0,1.0,0.7,0.9,0.6666666666666666,,200,0.0,0.0,0.632396449704142,0.39127218934911245,0.7174556213017751,0.25073964497041423
SkeletalMuscleRelaxants,5,1.0,1.0,0.8333333333333334,0.8333333333333334,0.7,,200,0.0,0.0,0.5710059171597632,0.4970414201183432,0.7344674556213018,0.28402366863905326
SkeletalMuscleRelaxants,6,0.5,1.0,0.8333333333333334,0.8333333333333334,0.7333333333333333,,200,0.7455621301775148,0.0,0.540680473372781,0.46671597633136097,0.6915680473372781,0.28328402366863903
SkeletalMuscleRelaxants,7,1.0,1.0,0.3333333333333333,0.9333333333333333,0.26666666666666666,,200,0.0,0.0,0.6664201183431953,0.3128698224852071,0.8002958579881657,0.2603550295857988
SkeletalMuscleRelaxants,8,0.5,1.0,0.6333333333333333,0.8333333333333334,0.6333333333333333,,200,0.7522189349112426,0.0,0.6079881656804733,0.3668639053254438,0.6449704142011834,0.3099112426035503
SkeletalMuscleRelaxants,9,1.0,1.0,0.8,0.8333333333333334,0.7333333333333333,,200,0.0,0.0,0.6479289940828402,0.47115384615384615,0.7381656804733727,0.2825443786982249
SkeletalMuscleRelaxants,10,0.9333333333333333,1.0,0.8333333333333334,0.8333333333333334,0.7,,200,0.2943786982248521,0.0,0.5310650887573964,0.4571005917159763,0.6886094674556213,0.28328402366863903
SkeletalMuscleRelaxants,11,0.7,1.0,0.13333333333333333,0.13333333333333333,0.13333333333333333,,200,0.36908284023668636,0.0,0.775887573964497,0.7019230769230769,0.8128698224852071,0.12426035502958577
SkeletalMuscleRelaxants,12,1.0,1.0,0.8666666666666667,0.8666666666666667,0.2,,200,0.0,0.0,0.5303254437869822,0.45636094674556216,0.8150887573964497,0.2477810650887574
SkeletalMuscleRelaxants,13,0.9333333333333333,1.0,0.8333333333333334,0.8333333333333334,0.6,,200,0.29363905325443784,0.0,0.5643491124260356,0.4903846153846154,0.7278106508875739,0.28402366863905326
SkeletalMuscleRelaxants,14,1.0,1.0,0.6,0.8333333333333334,0.6,,200,0.0,0.0,0.7071005917159763,0.4704142011834319,0.7440828402366864,0.28328402366863903
SkeletalMuscleRelaxants,15,0.9333333333333333,1.0,0.8333333333333334,0.9666666666666667,0.8333333333333334,,200,0.44600591715976334,0.0,0.6072485207100592,0.2026627218934911,0.6442307692307692,0.3505917159763313
SkeletalMuscleRelaxants,16,1.0,1.0,0.8333333333333334,0.8333333333333334,0.8333333333333334,,200,0.0,0.0,0.6272189349112426,0.5532544378698225,0.6642011834319527,0.2825443786982249
SkeletalMuscleRelaxants,17,0.7,1.0,0.16666666666666666,0.23333333333333334,0.13333333333333333,,200,0.27588757396449703,0.0,0.7041420118343196,0.3942307692307693,0.8113905325443787,0.06360946745562135
SkeletalMuscleRelaxants,18,1.0,1.0,0.23333333333333334,0.23333333333333334,0.16666666666666666,,200,0.0,0.0,0.7144970414201184,0.6405325443786982,0.8150887573964497,0.12573964497041423
SkeletalMuscleRelaxants,19,0.5,1.0,0.8333333333333334,0.8333333333333334,0.6666666666666666,,200,0.7751479289940828,0.0,0.5421597633136095,0.4681952662721893,0.7011834319526626,0.28328402366863903
SkeletalMuscleRelaxants,0,1.0,1.0,0.8333333333333334,0.8333333333333334,0.8333333333333334,,500,0.0,0.0,0.4548816568047337,0.38091715976331364,0.4918639053254438,0.2322485207100592
SkeletalMuscleRelaxants,1,0.9333333333333333,1.0,0.8666666666666667,0.9,0.8666666666666667,,500,0.20710059171597628,0.0,0.42159763313609466,0.22411242603550297,0.45857988165680474,0.1797337278106509
SkeletalMuscleRelaxants,2,0.5666666666666667,1.0,0.8666666666666667,0.8666666666666667,0.7666666666666667,,500,0.591715976331361,0.0,0.3424556213017751,0.26849112426035504,0.4977810650887574,0.21375739644970415
SkeletalMuscleRelaxants,3,1.0,1.0,0.8,0.9333333333333333,0.7666666666666667,,500,0.0,0.0,0.47337278106508873,0.2048816568047337,0.5502958579881656,0.18343195266272194
SkeletalMuscleRelaxants,4,1.0,1.0,0.9,0.9666666666666667,0.8,,500,0.0,0.0,0.38905325443786987,0.15680473372781067,0.518491124260355,0.3047337278106509
SkeletalMuscleRelaxants,5,1.0,1.0,0.8666666666666667,0.9,0.8333333333333334,,500,0.0,0.0,0.43934911242603547,0.26627218934911245,0.5384615384615384,0.24334319526627224
SkeletalMuscleRelaxants,6,0.5666666666666667,1.0,0.26666666666666666,1.0,0.2,,500,0.3173076923076923,0.0,0.4630177514792899,0.0,0.5931952662721893,0.1050295857988166
SkeletalMuscleRelaxants,7,1.0,1.0,0.9,1.0,0.8333333333333334,,500,0.0,0.0,0.43860946745562135,0.09393491124260356,0.5251479289940828,0.2544378698224852
SkeletalMuscleRelaxants,8,1.0,1.0,0.8333333333333334,0.8666666666666667,0.8333333333333334,,500,0.0,0.0,0.44082840236686394,0.26849112426035504,0.477810650887574,0.19970414201183428
SkeletalMuscleRelaxants,9,1.0,1.0,0.9666666666666667,0.9666666666666667,0.9666666666666667,,500,0.0,0.0,0.39866863905325445,0.3247041420118343,0.43565088757396453,0.4726331360946746
SkeletalMuscleRelaxants,10,0.6666666666666666,1.0,0.8333333333333334,0.8333333333333334,0.7333333333333333,,500,0.5562130177514792,0.0,0.39349112426035504,0.3195266272189349,0.5155325443786982,0.24038461538461542
SkeletalMuscleRelaxants,11,0.9333333333333333,1.0,0.3333333333333333,0.9333333333333333,0.3333333333333333,,500,0.39349112426035504,0.0,0.5562130177514792,0.24556213017751483,0.5931952662721893,0.23964497041420119
SkeletalMuscleRelaxants,12,1.0,1.0,0.9,0.9,0.8,,500,0.0,0.0,0.4097633136094675,0.33579881656804733,0.5281065088757396,0.22559171597633132
SkeletalMuscleRelaxants,13,0.6666666666666666,1.0,0.23333333333333334,0.9666666666666667,0.23333333333333334,,500,0.47855029585798814,0.0,0.5562130177514792,0.08727810650887569,0.5931952662721893,0.235207100591716
SkeletalMuscleRelaxants,14,0.9333333333333333,1.0,0.8333333333333334,0.9333333333333333,0.8333333333333334,,500,0.35133136094674555,0.0,0.48150887573964496,0.20340236686390534,0.518491124260355,0.18417159763313606
SkeletalMuscleRelaxants,15,0.9333333333333333,1.0,0.9,1.0,0.8,,500,0.3705621301775148,0.0,0.37130177514792895,0.07988165680473369,0.5051775147928994,0.2603550295857988
SkeletalMuscleRelaxants,16,1.0,1.0,0.9,0.9666666666666667,0.8333333333333334,,500,0.0,0.0,0.37647928994082835,0.13387573964497046,0.4681952662721893,0.2818047337278107
SkeletalMuscleRelaxants,17,1.0,1.0,0.9666666666666667,0.9666666666666667,0.8666666666666667,,500,0.0,0.0,0.3025147928994083,0.22855029585798814,0.459319526627219,0.37647928994082835
SkeletalMuscleRelaxants,18,1.0,1.0,0.8,0.9666666666666667,0.8,,500,0.0,0.0,0.5133136094674556,0.2625739644970414,0.5502958579881656,0.4105029585798816
SkeletalMuscleRelaxants,19,0.9333333333333333,1.0,0.9,0.9666666666666667,0.8333333333333334,,500,0.34393491124260356,0.0,0.4171597633136095,0.12426035502958577,0.5303254437869822,0.272189349112426
Statins,0,1.0,1.0,0.7105263157894737,1.0,0.7105263157894737,,200,0.0,0.0,0.5967918337586584,0.0,0.6150200510390084,0.1498359460444768
Statins,1,1.0,1.0,0.7763157894736842,1.0,0.7763157894736842,,200,0.0,0.0,0.5180459351075465,0.0,0.5362741523878964,0.1491068173532628
Statins,2,0.6381578947368421,1.0,0.8157894736842105,1.0,0.06578947368421052,,200,0.6372584761210354,0.0,0.40576011666059064,0.0,0.8760481224936201,0.1327014218009479
Statins,3,1.0,1.0,0.868421052631579,1.0,0.10526315789473684,,200,0.0,0.0,0.3521691578563616,0.0,0.8789646372584761,0.13889901567626683
Statins,4,1.0,1.0,0.9342105263157895,1.0,0.6052631578947368,,200,0.017499088589135958,0.0,0.20597885526795479,0.0,0.7028800583302953,0.15165876777251186
Statins,5,0.9078947368421053,1.0,0.15789473684210525,1.0,0.08552631578947369,,200,0.19467736055413776,0.0,0.7309515129420343,0.0,0.8971928545388261,0.11556689755741889
Statins,6,1.0,1.0,0.993421052631579,1.0,0.7368421052631579,,200,0.0,0.0,0.03244622675902298,0.0,0.5621582209259934,0.1483776886620488
Statins,7,0.8157894736842105,1.0,0.8486842105263158,1.0,0.618421052631579,,200,0.4775792927451695,0.0,0.3674808603718557,0.0,0.6522056142909223,0.18483412322274884
Statins,8,1.0,1.0,0.8355263157894737,1.0,0.1118421052631579,,200,0.0,0.0,0.44732045205978854,0.0,0.9088589135982501,0.14582573824279987
Statins,9,0.4605263157894737,1.0,0.7105263157894737,0.8947368421052632,0.6447368421052632,,200,0.7743346700692673,0.0,0.5636164783084214,0.2646737149106817,0.6689755741888443,0.14072183740430189
Statins,10,1.0,1.0,0.8092105263157895,1.0,0.5723684210526315,,200,0.05176813707619399,0.0,0.4549763033175356,0.0,0.7010572366022603,0.15895005468465184
Statins,11,1.0,1.0,0.8881578947368421,1.0,0.6513157894736842,,200,0.017499088589135958,0.0,0.30586948596427266,0.0,0.6500182282172804,0.1520233321181188
Statins,12,1.0,1.0,0.8881578947368421,1.0,0.8026315789473685,,200,0.0,0.0,0.35690849434925265,0.0,0.4797666788188115,0.18191760845789284
Statins,13,0.9078947368421053,1.0,0.9802631578947368,1.0,0.625,,200,0.2690484870579657,0.0,0.07109004739336489,0.0,0.6893911775428363,0.17098067808968287
Statins,14,0.7302631578947368,1.0,0.9473684210526315,1.0,0.5986842105263158,,200,0.5329930732774335,0.0,0.18884433102442577,0.0,0.6514764855997084,0.1622311337951149
Statins,15,1.0,1.0,0.7697368421052632,1.0,0.6973684210526315,,200,0.0,0.0,0.49908858913598253,0.0,0.5956981407218374,0.17389719285453886
Statins,16,1.0,1.0,0.9802631578947368,1.0,0.5197368421052632,,200,0.0,0.0,0.09478672985781988,0.0,0.7466277798031353,0.1498359460444768
Statins,17,1.0,1.0,0.868421052631579,1.0,0.6118421052631579,,200,0.0,0.0,0.32519139628144367,0.0,0.6872037914691943,0.14363835216915788
Statins,18,1.0,1.0,0.9736842105263158,1.0,0.5986842105263158,,200,0.0,0.0,0.1305140357273059,0.0,0.6697047028800583,0.20889537003281078
Statins,19,0.8157894736842105,1.0,0.8947368421052632,1.0,0.6513157894736842,,200,0.42945679912504553,0.0,0.29967189208895373,0.0,0.6084578928180824,0.1585854903390448
Statins,0,0.9078947368421053,1.0,0.8157894736842105,1.0,0.6973684210526315,,500,0.2289464090411958,0.0,0.43711265038279257,0.0,0.5749179730222385,0.13598250091141084
Statins,1,1.0,1.0,0.7828947368421053,1.0,0.7631578947368421,,500,0.0,0.0,0.5045570543200875,0.0,0.5614290922347794,0.1385344513306599
Statins,2,1.0,1.0,0.9671052631578947,1.0,0.6052631578947368,,500,0.0,0.0,0.11775428363106089,0.0,0.6631425446591324,0.16879329201604087
Statins,3,1.0,1.0,0.9473684210526315,0.9473684210526315,0.875,,500,0.0,0.0,0.21910317170980675,0.18264673714910684,0.39555231498359456,0.1815530441122858
Statins,4,0.8355263157894737,1.0,0.8289473684210527,1.0,0.625,,500,0.3787823550856726,0.0,0.3886255924170616,0.0,0.6059059423988333,0.14546117389719282
Statins,5,1.0,1.0,0.9078947368421053,1.0,0.6447368421052632,,500,0.0,0.0,0.2654028436018957,0.0,0.6055413780532264,0.16952242070725487
Statins,6,1.0,1.0,0.9736842105263158,1.0,0.7828947368421053,,500,0.0,0.0,0.11155668975574184,0.0,0.5016405395552315,0.17462632154575286
Statins,7,1.0,1.0,0.8421052631578947,1.0,0.47368421052631576,,500,0.0,0.0,0.37185563251913967,0.0,0.7232956616842873,0.16514764855997088
Statins,8,1.0,1.0,0.8421052631578947,1.0,0.5394736842105263,,500,0.0,0.0,0.3951877506379876,0.0,0.6740794750273423,0.13525337222019684
Statins,9,0.9802631578947368,1.0,0.7960526315789473,1.0,0.6052631578947368,,500,0.07072548304775794,0.0,0.45096609551585853,0.0,0.6460080204156033,0.14582573824279987
Statins,10,0.7631578947368421,1.0,0.8486842105263158,1.0,0.631578947368421,,500,0.5202333211811885,0.0,0.3685745534086766,0.0,0.5997083485235144,0.13306598614655485
Statins,11,0.8355263157894737,1.0,0.15789473684210525,1.0,0.15789473684210525,,500,0.3448778709442216,0.0,0.7808968282901932,0.0,0.7991250455705432,0.12796208530805686
Statins,12,1.0,1.0,0.9013157894736842,1.0,0.7368421052631579,,500,0.0,0.0,0.24207072548304776,0.0,0.5078381334305505,0.1363470652570179
Statins,13,0.9473684210526315,1.0,0.8421052631578947,1.0,0.8421052631578947,,500,0.18446955887714178,0.0,0.3959168793292016,0.0,0.41414509660955157,0.16988698505286182
Statins,14,0.9802631578947368,1.0,0.9802631578947368,0.9802631578947368,0.7039473684210527,,500,0.1341596791833759,0.0,0.09770324462267588,0.061246810061975965,0.5344513306598615,0.17170980678089687
Statins,15,0.875,1.0,0.9013157894736842,1.0,0.7039473684210527,,500,0.3587313160772876,0.0,0.3004010207801677,0.0,0.5661684287276705,0.1615020051039009
Statins,16,1.0,1.0,0.8881578947368421,1.0,0.5328947368421053,,500,0.0,0.0,0.2883703973751367,0.0,0.6919431279620853,0.11811884797666783
Statins,17,0.9802631578947368,1.0,0.8881578947368421,1.0,0.7039473684210527,,500,0.1111921254101349,0.0,0.3233685745534087,0.0,0.5563251913962814,0.14874225300765587
Statins,18,0.9473684210526315,1.0,0.9013157894736842,1.0,0.6578947368421053,,500,0.1735326285089318,0.0,0.2617572001458257,0.0,0.5771053590958803,0.17061611374407581
Statins,19,1.0,1.0,0.8223684210526315,1.0,0.8026315789473685,,500,0.0,0.0,0.42872767043383153,0.0,0.48450601531170256,0.12905577834487791
Triptans,0,0.975609756097561,1.0,1.0,1.0,0.9902439024390244,,200,0.14983164983164987,0.0,0.0,0.0,0.047138047138047146,0.2272727272727273
Triptans,1,0.975609756097561,1.0,1.0,1.0,1.0,,200,0.13804713804713808,0.0,0.0,0.0,0.0,0.21885521885521886
Triptans,2,1.0,1.0,1.0,1.0,0.9902439024390244,,200,0.0,0.0,0.0,0.0,0.08080808080808077,0.23905723905723908
Triptans,3,0.9317073170731708,1.0,1.0,1.0,1.0,,200,0.2407407407407407,0.0,0.0,0.0,0.0,0.20538720538720534
Triptans,4,0.9609756097560975,1.0,1.0,1.0,1.0,,200,0.22390572390572394,0.0,0.0,0.0,0.0,0.24410774410774416
Triptans,5,0.975609756097561,1.0,1.0,1.0,1.0,,200,0.12794612794612792,0.0,0.0,0.0,0.0,0.2154882154882155
Triptans,6,0.9609756097560975,1.0,1.0,1.0,1.0,,200,0.19696969696969702,0.0,0.0,0.0,0.0,0.2272727272727273
Triptans,7,0.8585365853658536,1.0,1.0,1.0,1.0,,200,0.31818181818181823,0.0,0.0,0.0,0.0,0.2272727272727273
Triptans,8,0.9609756097560975,1.0,1.0,1.0,1.0,,200,0.21380471380471378,0.0,0.0,0.0,0.0,0.2272727272727273
Triptans,9,0.9024390243902439,1.0,1.0,1.0,0.9951219512195122,,200,0.30134680134680136,0.0,0.0,0.0,0.026936026936026924,0.2542087542087542
Triptans,10,0.8439024390243902,1.0,1.0,1.0,1.0,,200,0.35690235690235694,0.0,0.0,0.0,0.0,0.2087542087542088
Triptans,11,1.0,1.0,1.0,1.0,1.0,,200,0.0,0.0,0.0,0.0,0.0,0.2205387205387206
Triptans,12,0.8585365853658536,1.0,1.0,1.0,1.0,,200,0.33333333333333337,0.0,0.0,0.0,0.0,0.19696969696969702
Triptans,13,0.9609756097560975,1.0,1.0,1.0,1.0,,200,0.1835016835016835,0.0,0.0,0.0,0.01851851851851849,0.19191919191919193
Triptans,14,0.8878048780487805,1.0,1.0,1.0,1.0,,200,0.3215488215488216,0.0,0.0,0.0,0.0,0.2205387205387206
Triptans,15,0.8292682926829268,1.0,1.0,1.0,1.0,,200,0.37037037037037035,0.0,0.0,0.0,0.0,0.19360269360269355
Triptans,16,1.0,1.0,1.0,1.0,1.0,,200,0.0,0.0,0.0,0.0,0.0,0.2205387205387206
Triptans,17,1.0,1.0,1.0,1.0,0.9951219512195122,,200,0.0,0.0,0.0,0.0,0.030303030303030276,0.22390572390572394
Triptans,18,1.0,1.0,1.0,1.0,0.9951219512195122,,200,0.0,0.0,0.0,0.0,0.04040404040404044,0.21717171717171713
Triptans,19,1.0,1.0,1.0,1.0,1.0,,200,0.0,0.0,0.0,0.0,0.0,0.21717171717171713
