N,dataset,iteration,p,random_start_recall,random_start_work,recall_bir,recall_bir_ci,recall_ih_100,recall_ih_200,recall_ih_50,recall_pf,recall_rs,s,wss95_bir,wss95_bir_ci,wss95_ih_100,wss95_ih_200,wss95_ih_50,wss95_pf,wss95_rs
2235.0,ACEInhibitors,0,0.07516778523489932,0.9345238095238095,0.6263982102908278,,,,,,0.9523809523809523,0.9642857142857143,200,,,,,,0.2769574944071589,0.15525727069351225
2235.0,ACEInhibitors,1,0.07516778523489932,0.9166666666666666,0.6263982102908278,,,,,,0.9523809523809523,0.9523809523809523,200,,,,,,0.24519015659955257,0.145413870246085
2235.0,ACEInhibitors,2,0.07516778523489932,0.9285714285714286,0.6263982102908278,,,,,,0.9523809523809523,0.9642857142857143,200,,,,,,0.22774049217002235,0.145413870246085
2235.0,ACEInhibitors,3,0.07516778523489932,0.9583333333333334,0.6935123042505593,,,,,,0.9523809523809523,0.9761904761904762,200,,,,,,0.3395973154362416,0.1476510067114094
2235.0,ACEInhibitors,4,0.07516778523489932,0.9285714285714286,0.6487695749440716,,,,,,0.9523809523809523,0.9940476190476191,200,,,,,,0.24742729306487699,0.10559284116331091
2235.0,ACEInhibitors,5,0.07516778523489932,0.875,0.5592841163310962,,,,,,0.9523809523809523,0.9642857142857143,200,,,,,,0.16778523489932884,0.11230425055928417
2235.0,ACEInhibitors,6,0.07516778523489932,0.9285714285714286,0.6487695749440716,,,,,,0.9523809523809523,0.9940476190476191,200,,,,,,0.31633109619686806,0.10559284116331091
2235.0,ACEInhibitors,7,0.07516778523489932,0.9285714285714286,0.6487695749440716,,,,,,0.9523809523809523,0.9702380952380952,200,,,,,,0.21387024608501115,0.12885906040268458
2235.0,ACEInhibitors,8,0.07516778523489932,0.8869047619047619,0.5592841163310962,,,,,,0.9523809523809523,0.9642857142857143,200,,,,,,0.23803131991051452,0.12125279642058162
2235.0,ACEInhibitors,9,0.07516778523489932,0.9047619047619048,0.5816554809843401,,,,,,0.9523809523809523,0.9761904761904762,200,,,,,,0.2340044742729307,0.12035794183445192
2235.0,ACEInhibitors,10,0.07516778523489932,0.8928571428571429,0.5592841163310962,,,,,,0.9523809523809523,0.9821428571428571,200,,,,,,0.22326621923937362,0.11230425055928417
2235.0,ACEInhibitors,11,0.07516778523489932,0.10119047619047619,0.20134228187919462,,,,,,0.9523809523809523,0.9642857142857143,200,,,,,,0.05011185682326624,0.03803131991051456
2235.0,ACEInhibitors,12,0.07516778523489932,0.8571428571428571,0.5369127516778524,,,,,,0.9523809523809523,0.9642857142857143,200,,,,,,0.22953020134228186,0.10648769574944073
2235.0,ACEInhibitors,13,0.07516778523489932,0.9166666666666666,0.6263982102908278,,,,,,0.9523809523809523,0.9821428571428571,200,,,,,,0.24026845637583893,0.11230425055928417
2235.0,ACEInhibitors,14,0.07516778523489932,0.9285714285714286,0.6487695749440716,,,,,,0.9523809523809523,0.9642857142857143,200,,,,,,0.2519015659955257,0.13691275167785233
2235.0,ACEInhibitors,15,0.07516778523489932,0.8571428571428571,0.5369127516778524,,,,,,0.9523809523809523,0.9761904761904762,200,,,,,,0.20313199105145419,0.09977628635346758
2235.0,ACEInhibitors,16,0.07516778523489932,0.8333333333333334,0.49217002237136465,,,,,,0.9523809523809523,0.9702380952380952,200,,,,,,0.1901565995525727,0.10022371364653249
2235.0,ACEInhibitors,17,0.07516778523489932,0.8928571428571429,0.5816554809843401,,,,,,0.9523809523809523,0.9761904761904762,200,,,,,,0.24295302013422815,0.11096196868008945
2235.0,ACEInhibitors,18,0.07516778523489932,0.8809523809523809,0.5816554809843401,,,,,,0.9523809523809523,0.9523809523809523,200,,,,,,0.1337807606263982,0.12035794183445192
2235.0,ACEInhibitors,19,0.07516778523489932,0.8690476190476191,0.5592841163310962,,,,,,0.9523809523809523,0.9642857142857143,200,,,,,,0.1597315436241611,0.10827740492170024
2235.0,ACEInhibitors,0,0.07516778523489932,0.9107142857142857,0.6711409395973155,,,,,,0.9523809523809523,0.9821428571428571,500,,,,,,0.22639821029082774,0.09440715883668904
2235.0,ACEInhibitors,1,0.07516778523489932,0.8869047619047619,0.6263982102908278,,,,,,0.9523809523809523,0.9761904761904762,500,,,,,,0.22953020134228186,0.09530201342281874
2235.0,ACEInhibitors,2,0.07516778523489932,0.8869047619047619,0.6263982102908278,,,,,,0.9523809523809523,0.9583333333333334,500,,,,,,0.17897091722595082,0.10738255033557043
2235.0,ACEInhibitors,3,0.07516778523489932,0.8869047619047619,0.6040268456375839,,,,,,0.9523809523809523,0.9583333333333334,500,,,,,,0.1476510067114094,0.11364653243847878
2235.0,ACEInhibitors,4,0.07516778523489932,0.8392857142857143,0.5592841163310962,,,,,,0.9523809523809523,0.9226190476190477,500,,,,,,0.08143176733780766,0.1167785234899329
2235.0,ACEInhibitors,5,0.07516778523489932,0.9285714285714286,0.6935123042505593,,,,,,0.9523809523809523,0.9880952380952381,500,,,,,,0.24250559284116335,0.09664429530201346
2235.0,ACEInhibitors,6,0.07516778523489932,0.8690476190476191,0.6040268456375839,,,,,,0.9523809523809523,0.9702380952380952,500,,,,,,0.16465324384787472,0.09395973154362414
2235.0,ACEInhibitors,7,0.07516778523489932,0.9345238095238095,0.6711409395973155,,,,,,0.9523809523809523,0.9702380952380952,500,,,,,,0.3100671140939597,0.12796420581655477
2235.0,ACEInhibitors,8,0.07516778523489932,0.8571428571428571,0.6040268456375839,,,,,,0.9523809523809523,0.9583333333333334,500,,,,,,0.11588366890380308,0.09395973154362414
2235.0,ACEInhibitors,9,0.07516778523489932,0.8333333333333334,0.5816554809843401,,,,,,0.9523809523809523,0.9761904761904762,500,,,,,,0.15436241610738255,0.08053691275167785
2235.0,ACEInhibitors,10,0.07516778523489932,0.9345238095238095,0.7158836689038032,,,,,,0.9523809523809523,0.9702380952380952,500,,,,,,0.17852348993288591,0.11096196868008945
2235.0,ACEInhibitors,11,0.07516778523489932,0.875,0.6040268456375839,,,,,,0.9523809523809523,0.9821428571428571,500,,,,,,0.22371364653243853,0.09082774049217002
2235.0,ACEInhibitors,12,0.07516778523489932,0.8333333333333334,0.5369127516778524,,,,,,0.9523809523809523,0.9702380952380952,500,,,,,,0.1771812080536913,0.09172259507829983
2235.0,ACEInhibitors,13,0.07516778523489932,0.9404761904761905,0.6711409395973155,,,,,,0.9523809523809523,0.9821428571428571,500,,,,,,0.27069351230425054,0.12080536912751683
2235.0,ACEInhibitors,14,0.07516778523489932,0.8809523809523809,0.6263982102908278,,,,,,0.9523809523809523,0.9583333333333334,500,,,,,,0.13780760626398214,0.1029082774049217
2235.0,ACEInhibitors,15,0.07516778523489932,0.9345238095238095,0.6935123042505593,,,,,,0.9523809523809523,0.9761904761904762,500,,,,,,0.28680089485458615,0.11275167785234896
2235.0,ACEInhibitors,16,0.07516778523489932,0.8571428571428571,0.5592841163310962,,,,,,0.9523809523809523,0.9821428571428571,500,,,,,,0.17897091722595082,0.09217002237136462
2235.0,ACEInhibitors,17,0.07516778523489932,0.9107142857142857,0.6487695749440716,,,,,,0.9523809523809523,0.9821428571428571,500,,,,,,0.189261744966443,0.10111856823266219
2235.0,ACEInhibitors,18,0.07516778523489932,0.8988095238095238,0.6487695749440716,,,,,,0.9523809523809523,0.9583333333333334,500,,,,,,0.14272930648769577,0.11051454138702466
2235.0,ACEInhibitors,19,0.07516778523489932,0.9345238095238095,0.6935123042505593,,,,,,0.9523809523809523,0.9642857142857143,500,,,,,,0.20178970917225947,0.12751677852348997
803.0,ADHD,0,0.10336239103362391,0.963855421686747,0.6226650062266501,,,,,,0.9518072289156626,0.9759036144578314,200,,,,,,0.4545454545454546,0.1594022415940224
803.0,ADHD,1,0.10336239103362391,0.963855421686747,0.6226650062266501,,,,,,0.9518072289156626,0.9879518072289156,200,,,,,,0.47447073474470736,0.13947696139476962
803.0,ADHD,2,0.10336239103362391,0.963855421686747,0.684931506849315,,,,,,0.9518072289156626,0.9879518072289156,200,,,,,,0.4396014943960149,0.11706102117061024
803.0,ADHD,3,0.10336239103362391,0.9518072289156626,0.5603985056039851,,,,,,0.9518072289156626,0.9759036144578314,200,,,,,,0.46824408468244083,0.161892901618929
803.0,ADHD,4,0.10336239103362391,0.9879518072289156,0.6226650062266501,,,,,,0.9518072289156626,0.9879518072289156,200,,,,,,0.5217932752179327,0.1880448318804483
803.0,ADHD,5,0.10336239103362391,0.9518072289156626,0.5603985056039851,,,,,,0.9518072289156626,0.9759036144578314,200,,,,,,0.4894146948941469,0.161892901618929
803.0,ADHD,6,0.10336239103362391,0.963855421686747,0.684931506849315,,,,,,0.9518072289156626,0.9879518072289156,200,,,,,,0.4595267745952677,0.11706102117061024
803.0,ADHD,7,0.10336239103362391,0.9759036144578314,0.6226650062266501,,,,,,0.9518072289156626,0.9759036144578314,200,,,,,,0.5006226650062267,0.1880448318804483
803.0,ADHD,8,0.10336239103362391,1.0,0.6226650062266501,,,,,,0.9518072289156626,1.0,200,,,,,,0.5454545454545454,0.1880448318804483
803.0,ADHD,9,0.10336239103362391,0.963855421686747,0.6226650062266501,,,,,,0.9518072289156626,0.963855421686747,200,,,,,,0.47073474470734744,0.1880448318804483
803.0,ADHD,10,0.10336239103362391,0.963855421686747,0.6226650062266501,,,,,,0.9518072289156626,0.9759036144578314,200,,,,,,0.44209215442092153,0.1594022415940224
803.0,ADHD,11,0.10336239103362391,0.9518072289156626,0.5603985056039851,,,,,,0.9518072289156626,0.9879518072289156,200,,,,,,0.47571606475716066,0.14570361145703614
803.0,ADHD,12,0.10336239103362391,0.9759036144578314,0.6226650062266501,,,,,,0.9518072289156626,0.9879518072289156,200,,,,,,0.5205479452054795,0.1594022415940224
803.0,ADHD,13,0.10336239103362391,0.9759036144578314,0.6226650062266501,,,,,,0.9518072289156626,0.9879518072289156,200,,,,,,0.4645080946450809,0.1594022415940224
803.0,ADHD,14,0.10336239103362391,0.9759036144578314,0.6226650062266501,,,,,,0.9518072289156626,1.0,200,,,,,,0.5379825653798256,0.13947696139476962
803.0,ADHD,15,0.10336239103362391,0.9759036144578314,0.6226650062266501,,,,,,0.9518072289156626,1.0,200,,,,,,0.49688667496886674,0.13947696139476962
803.0,ADHD,16,0.10336239103362391,0.9759036144578314,0.6226650062266501,,,,,,0.9518072289156626,0.9759036144578314,200,,,,,,0.5006226650062267,0.1880448318804483
803.0,ADHD,17,0.10336239103362391,0.963855421686747,0.6226650062266501,,,,,,0.9518072289156626,0.9879518072289156,200,,,,,,0.4657534246575342,0.13947696139476962
803.0,ADHD,18,0.10336239103362391,1.0,0.6226650062266501,,,,,,0.9518072289156626,1.0,200,,,,,,0.5666251556662516,0.1880448318804483
803.0,ADHD,19,0.10336239103362391,0.963855421686747,0.6226650062266501,,,,,,0.9518072289156626,1.0,200,,,,,,0.44209215442092153,0.12453300124533007
,AtypicalAntipsychotics,0,,,,1.0,1.0,1.0,1.0,1.0,,,200,0.0,0.0,0.0,0.0,0.0,0.1464597478176528,
,AtypicalAntipsychotics,1,,,,1.0,1.0,1.0,1.0,1.0,,,200,0.0,0.0,0.0,0.0,0.0,0.12609117361784672,
,AtypicalAntipsychotics,2,,,,1.0,1.0,1.0,1.0,1.0,,,200,0.0,0.0,0.0,0.0,0.0,0.16294859359844815,
,AtypicalAntipsychotics,3,,,,0.963963963963964,1.0,1.0,1.0,1.0,,,200,0.07274490785645005,0.0,0.0,0.0,0.0,0.12221144519883609,
,AtypicalAntipsychotics,4,,,,1.0,1.0,1.0,1.0,1.0,,,200,0.0,0.0,0.0,0.0,0.0,0.1677982541222115,
,AtypicalAntipsychotics,5,,,,1.0,1.0,1.0,1.0,1.0,,,200,0.0,0.0,0.0,0.0,0.0,0.13288069835111538,
,AtypicalAntipsychotics,6,,,,0.993993993993994,1.0,1.0,1.0,1.0,,,200,0.01745877788554806,0.0,0.0,0.0,0.0,0.1580989330746848,
,AtypicalAntipsychotics,7,,,,1.0,1.0,1.0,1.0,1.0,,,200,0.0,0.0,0.0,0.0,0.0,0.12706110572259943,
,AtypicalAntipsychotics,8,,,,0.9459459459459459,1.0,1.0,1.0,1.0,,,200,0.1454898157129001,0.0,0.0,0.0,0.0,0.12221144519883609,
,AtypicalAntipsychotics,9,,,,1.0,1.0,1.0,1.0,1.0,,,200,0.0,0.0,0.0,0.0,0.0,0.12512124151309412,
,AtypicalAntipsychotics,10,,,,1.0,1.0,1.0,1.0,1.0,,,200,0.0,0.0,0.0,0.0,0.0,0.11736178467507274,
,AtypicalAntipsychotics,11,,,,1.0,1.0,1.0,1.0,1.0,,,200,0.0,0.0,0.0,0.0,0.0,0.1454898157129001,
,AtypicalAntipsychotics,12,,,,0.978978978978979,1.0,1.0,1.0,0.9669669669669669,,,200,0.02812803103782735,0.0,0.0,0.0,0.05334626576139667,0.12997090203685746,
,AtypicalAntipsychotics,13,,,,1.0,1.0,1.0,1.0,1.0,,,200,0.0,0.0,0.0,0.0,0.0,0.13288069835111538,
,AtypicalAntipsychotics,14,,,,1.0,1.0,1.0,1.0,1.0,,,200,0.0,0.0,0.0,0.0,0.0,0.11930164888457806,
,AtypicalAntipsychotics,15,,,,1.0,1.0,1.0,1.0,1.0,,,200,0.0,0.0,0.0,0.0,0.0,0.1454898157129001,
,AtypicalAntipsychotics,16,,,,0.9309309309309309,1.0,1.0,1.0,1.0,,,200,0.19689621726479145,0.0,0.0,0.0,0.0,0.12221144519883609,
,AtypicalAntipsychotics,17,,,,1.0,1.0,1.0,1.0,1.0,,,200,0.0,0.0,0.0,0.0,0.0,0.1580989330746848,
,AtypicalAntipsychotics,18,,,,0.993993993993994,1.0,1.0,1.0,1.0,,,200,0.013579049466537318,0.0,0.0,0.0,0.0,0.13676042677012612,
,AtypicalAntipsychotics,19,,,,0.9309309309309309,1.0,1.0,1.0,1.0,,,200,0.16197866149369544,0.0,0.0,0.0,0.0,0.13191076624636278,
,AtypicalAntipsychotics,0,,,,1.0,1.0,1.0,1.0,1.0,,,500,0.0,0.0,0.0,0.0,0.0,0.12512124151309412,
,AtypicalAntipsychotics,1,,,,0.96996996996997,1.0,1.0,1.0,1.0,,,500,0.07468477206595536,0.0,0.0,0.0,0.0,0.13676042677012612,
,AtypicalAntipsychotics,2,,,,0.948948948948949,1.0,1.0,1.0,1.0,,,500,0.11930164888457806,0.0,0.0,0.0,0.0,0.11736178467507274,
,AtypicalAntipsychotics,3,,,,1.0,1.0,1.0,1.0,1.0,,,500,0.0,0.0,0.0,0.0,0.0,0.13676042677012612,
,AtypicalAntipsychotics,4,,,,1.0,1.0,1.0,1.0,1.0,,,500,0.0,0.0,0.0,0.0,0.0,0.16585838991270607,
,AtypicalAntipsychotics,5,,,,0.924924924924925,1.0,1.0,1.0,1.0,,,500,0.16973811833171681,0.0,0.0,0.0,0.0,0.1231813773035888,
,AtypicalAntipsychotics,6,,,,1.0,1.0,1.0,1.0,1.0,,,500,0.0,0.0,0.0,0.0,0.0,0.13773035887487872,
,AtypicalAntipsychotics,7,,,,1.0,1.0,1.0,1.0,1.0,,,500,0.0,0.0,0.0,0.0,0.0,0.12997090203685746,
,AtypicalAntipsychotics,8,,,,1.0,1.0,1.0,1.0,1.0,,,500,0.0,0.0,0.0,0.0,0.0,0.14451988360814738,
,AtypicalAntipsychotics,9,,,,0.9819819819819819,1.0,1.0,1.0,1.0,,,500,0.05916585838991273,0.0,0.0,0.0,0.0,0.1357904946653734,
,AtypicalAntipsychotics,10,,,,1.0,1.0,1.0,1.0,1.0,,,500,0.0,0.0,0.0,0.0,0.0,0.11639185257032003,
,AtypicalAntipsychotics,11,,,,1.0,1.0,1.0,1.0,1.0,,,500,0.0,0.0,0.0,0.0,0.0,0.1338506304558681,
,AtypicalAntipsychotics,12,,,,1.0,1.0,1.0,1.0,1.0,,,500,0.0,0.0,0.0,0.0,0.0,0.11542192046556743,
,AtypicalAntipsychotics,13,,,,0.9819819819819819,1.0,1.0,1.0,1.0,,,500,0.051406401551891356,0.0,0.0,0.0,0.0,0.10572259941804074,
,AtypicalAntipsychotics,14,,,,1.0,1.0,1.0,1.0,1.0,,,500,0.005819592628516057,0.0,0.0,0.0,0.0,0.12803103782735203,
,AtypicalAntipsychotics,15,,,,0.963963963963964,1.0,1.0,1.0,1.0,,,500,0.10281280310378271,0.0,0.0,0.0,0.0,0.12706110572259943,
,AtypicalAntipsychotics,16,,,,0.9369369369369369,1.0,1.0,1.0,1.0,,,500,0.17458777885548016,0.0,0.0,0.0,0.0,0.14839961202715812,
,AtypicalAntipsychotics,17,,,,1.0,1.0,1.0,1.0,0.978978978978979,,,500,0.0,0.0,0.0,0.0,0.03879728419010664,0.13773035887487872,
,AtypicalAntipsychotics,18,,,,0.993993993993994,1.0,1.0,1.0,1.0,,,500,0.01066925315227929,0.0,0.0,0.0,0.0,0.13288069835111538,
,AtypicalAntipsychotics,19,,,,1.0,1.0,1.0,1.0,1.0,,,500,0.0,0.0,0.0,0.0,0.0,0.14451988360814738,
1873.0,BetaBlockers,0,0.14415376401494928,0.9555555555555556,0.8275493860117459,,,,,,0.9518518518518518,0.9666666666666667,200,,,,,,0.20288307528029903,0.10357714895888948
1873.0,BetaBlockers,1,0.14415376401494928,0.9925925925925926,0.9610250934329952,,,,,,0.9518518518518518,0.9925925925925926,200,,,,,,0.14735718099305928,0.030966364121729817
1873.0,BetaBlockers,2,0.14415376401494928,0.9666666666666667,0.8542445274959958,,,,,,0.9518518518518518,0.9814814814814815,200,,,,,,0.21943406300053392,0.08275493860117455
1873.0,BetaBlockers,3,0.14415376401494928,0.9703703703703703,0.8809396689802456,,,,,,0.9518518518518518,0.9703703703703703,200,,,,,,0.20074746396155896,0.09022957821676458
1873.0,BetaBlockers,4,0.14415376401494928,0.9888888888888889,0.9343299519487454,,,,,,0.9518518518518518,0.9925925925925926,200,,,,,,0.1847303790710091,0.04751735184196482
1873.0,BetaBlockers,5,0.14415376401494928,0.9777777777777777,0.9076348104644955,,,,,,0.9518518518518518,0.9777777777777777,200,,,,,,0.18259476775226913,0.0704751735184197
1873.0,BetaBlockers,6,0.14415376401494928,0.9629629629629629,0.8542445274959958,,,,,,0.9518518518518518,0.9740740740740741,200,,,,,,0.202349172450614,0.0875600640683396
1873.0,BetaBlockers,7,0.14415376401494928,0.9259259259259259,0.7741591030432461,,,,,,0.9518518518518518,0.9703703703703703,200,,,,,,0.11852642819006942,0.08862786972770953
1873.0,BetaBlockers,8,0.14415376401494928,0.9740740740740741,0.8809396689802456,,,,,,0.9518518518518518,0.9814814814814815,200,,,,,,0.19273892151628402,0.07688200747463958
1873.0,BetaBlockers,9,0.14415376401494928,0.9555555555555556,0.8542445274959958,,,,,,0.9518518518518518,0.9814814814814815,200,,,,,,0.1585691404164442,0.0710090763481046
1873.0,BetaBlockers,10,0.14415376401494928,0.9185185185185185,0.7474639615589963,,,,,,0.9518518518518518,0.9592592592592593,200,,,,,,0.1713828083288842,0.10304324612920446
1873.0,BetaBlockers,11,0.14415376401494928,0.9148148148148149,0.7741591030432461,,,,,,0.9518518518518518,0.9777777777777777,200,,,,,,0.15429791777896418,0.07528029898558464
1873.0,BetaBlockers,12,0.14415376401494928,0.9814814814814815,0.9076348104644955,,,,,,0.9518518518518518,0.9814814814814815,200,,,,,,0.1612386545648692,0.0704751735184197
1873.0,BetaBlockers,13,0.14415376401494928,0.9777777777777777,0.8809396689802456,,,,,,0.9518518518518518,0.9851851851851852,200,,,,,,0.18419647624132407,0.07688200747463958
1873.0,BetaBlockers,14,0.14415376401494928,0.9888888888888889,0.9343299519487454,,,,,,0.9518518518518518,0.9888888888888889,200,,,,,,0.1820608649225841,0.05125467164975972
1873.0,BetaBlockers,15,0.14415376401494928,0.9333333333333333,0.7741591030432461,,,,,,0.9518518518518518,0.9814814814814815,200,,,,,,0.15323011211959425,0.08595835557928455
1873.0,BetaBlockers,16,0.14415376401494928,0.9407407407407408,0.8275493860117459,,,,,,0.9518518518518518,0.9740740740740741,200,,,,,,0.12653497063534436,0.07634810464495467
1873.0,BetaBlockers,17,0.14415376401494928,0.9481481481481482,0.8542445274959958,,,,,,0.9518518518518518,0.9703703703703703,200,,,,,,0.13400961025093427,0.0742124933262146
1873.0,BetaBlockers,18,0.14415376401494928,0.9740740740740741,0.8809396689802456,,,,,,0.9518518518518518,0.9740740740740741,200,,,,,,0.189001601708489,0.09022957821676458
1873.0,BetaBlockers,19,0.14415376401494928,0.9740740740740741,0.8809396689802456,,,,,,0.9518518518518518,0.9925925925925926,200,,,,,,0.16924719701014412,0.06620395088093967
1873.0,BetaBlockers,0,0.14415376401494928,0.9481481481481482,0.8542445274959958,,,,,,0.9518518518518518,0.9703703703703703,500,,,,,,0.1377469300587293,0.0742124933262146
1873.0,BetaBlockers,1,0.14415376401494928,0.9666666666666667,0.8809396689802456,,,,,,0.9518518518518518,0.9888888888888889,500,,,,,,0.19380672717565406,0.06300053390282967
1873.0,BetaBlockers,2,0.14415376401494928,0.9814814814814815,0.9076348104644955,,,,,,0.9518518518518518,0.9814814814814815,500,,,,,,0.16764548852108918,0.0704751735184197
1873.0,BetaBlockers,3,0.14415376401494928,0.9592592592592593,0.8809396689802456,,,,,,0.9518518518518518,0.9777777777777777,500,,,,,,0.16337426588360915,0.0640683395621997
1873.0,BetaBlockers,4,0.14415376401494928,0.9740740740740741,0.9076348104644955,,,,,,0.9518518518518518,0.9777777777777777,500,,,,,,0.1510945008008543,0.06460224239188472
1873.0,BetaBlockers,5,0.14415376401494928,0.9740740740740741,0.8809396689802456,,,,,,0.9518518518518518,0.9851851851851852,500,,,,,,0.20074746396155896,0.07207688200747464
1873.0,BetaBlockers,6,0.14415376401494928,0.9592592592592593,0.8809396689802456,,,,,,0.9518518518518518,0.9851851851851852,500,,,,,,0.16070475173518417,0.05819540843566473
1873.0,BetaBlockers,7,0.14415376401494928,0.9740740740740741,0.9076348104644955,,,,,,0.9518518518518518,0.9851851851851852,500,,,,,,0.16444207154297918,0.05605979711692477
1873.0,BetaBlockers,8,0.14415376401494928,0.9814814814814815,0.9076348104644955,,,,,,0.9518518518518518,0.9925925925925926,500,,,,,,0.18366257341163905,0.05766150560597971
1873.0,BetaBlockers,9,0.14415376401494928,0.9666666666666667,0.8542445274959958,,,,,,0.9518518518518518,0.9814814814814815,500,,,,,,0.191671115856914,0.08275493860117455
1873.0,BetaBlockers,10,0.14415376401494928,1.0,0.987720234917245,,,,,,0.9518518518518518,1.0,500,,,,,,0.13561131873998933,0.010678056593699914
1873.0,BetaBlockers,11,0.14415376401494928,0.9851851851851852,0.9343299519487454,,,,,,0.9518518518518518,0.9851851851851852,500,,,,,,0.14095034703683929,0.050186865990389795
1873.0,BetaBlockers,12,0.14415376401494928,0.9888888888888889,0.9343299519487454,,,,,,0.9518518518518518,0.9925925925925926,500,,,,,,0.15429791777896418,0.04751735184196482
1873.0,BetaBlockers,13,0.14415376401494928,0.9962962962962963,0.9610250934329952,,,,,,0.9518518518518518,0.9962962962962963,500,,,,,,0.14735718099305928,0.030966364121729817
1873.0,BetaBlockers,14,0.14415376401494928,0.9814814814814815,0.9076348104644955,,,,,,0.9518518518518518,0.9851851851851852,500,,,,,,0.21035771489588895,0.06460224239188472
1873.0,BetaBlockers,15,0.14415376401494928,1.0,0.987720234917245,,,,,,0.9518518518518518,1.0,500,,,,,,0.14575547250400422,0.010678056593699914
1873.0,BetaBlockers,16,0.14415376401494928,0.9777777777777777,0.9343299519487454,,,,,,0.9518518518518518,0.9777777777777777,500,,,,,,0.1751201281366791,0.050186865990389795
1873.0,BetaBlockers,17,0.14415376401494928,0.9555555555555556,0.8542445274959958,,,,,,0.9518518518518518,0.9814814814814815,500,,,,,,0.16284036305392413,0.0710090763481046
1873.0,BetaBlockers,18,0.14415376401494928,0.9740740740740741,0.9076348104644955,,,,,,0.9518518518518518,0.9777777777777777,500,,,,,,0.19647624132407904,0.06460224239188472
1873.0,BetaBlockers,19,0.14415376401494928,0.9740740740740741,0.8809396689802456,,,,,,0.9518518518518518,0.9814814814814815,500,,,,,,0.18259476775226913,0.07688200747463958
,CalciumChannelBlockers,0,,,,0.9727626459143969,1.0,1.0,1.0,1.0,,,200,0.09476534296028882,0.0,0.0,0.0,0.0,0.12093862815884482,
,CalciumChannelBlockers,1,,,,0.9961089494163424,1.0,1.0,1.0,1.0,,,200,0.03068592057761732,0.0,0.0,0.0,0.0,0.1660649819494585,
1108.0,CalciumChannelBlockers,2,0.2319494584837545,0.9961089494163424,0.9927797833935018,,,,,,0.953307392996109,0.9961089494163424,200,,,,,,0.1597472924187726,0.006317689530685899
,CalciumChannelBlockers,3,,,,1.0,1.0,1.0,1.0,1.0,,,200,0.0,0.0,0.0,0.0,0.0,0.12725631768953072,
,CalciumChannelBlockers,4,,,,1.0,1.0,1.0,1.0,1.0,,,200,0.0,0.0,0.0,0.0,0.0,0.12454873646209386,
1108.0,CalciumChannelBlockers,5,0.2319494584837545,0.9961089494163424,0.9927797833935018,,,,,,0.953307392996109,0.9961089494163424,200,,,,,,0.1028880866425993,0.006317689530685899
,CalciumChannelBlockers,6,,,,0.953307392996109,1.0,1.0,1.0,1.0,,,200,0.13718411552346566,0.0,0.0,0.0,0.0,0.13718411552346566,
,CalciumChannelBlockers,7,,,,0.9105058365758755,1.0,1.0,1.0,1.0,,,200,0.23916967509025266,0.0,0.0,0.0,0.0,0.15072202166064985,
1108.0,CalciumChannelBlockers,8,0.2319494584837545,0.9961089494163424,0.9927797833935018,,,,,,0.953307392996109,1.0,200,,,,,,0.12545126353790614,0.006317689530685899
,CalciumChannelBlockers,9,,,,1.0,1.0,1.0,1.0,1.0,,,200,0.0,0.0,0.0,0.0,0.0,0.15072202166064985,
1108.0,CalciumChannelBlockers,10,0.2319494584837545,1.0,0.9927797833935018,,,,,,0.953307392996109,1.0,200,,,,,,0.17148014440433212,0.006317689530685899
1108.0,CalciumChannelBlockers,11,0.2319494584837545,0.953307392996109,0.9025270758122743,,,,,,0.953307392996109,0.9727626459143969,200,,,,,,0.10469314079422387,0.05324909747292417
1108.0,CalciumChannelBlockers,12,0.2319494584837545,0.9961089494163424,0.9927797833935018,,,,,,0.953307392996109,1.0,200,,,,,,0.1353790613718412,0.006317689530685899
,CalciumChannelBlockers,13,,,,0.9961089494163424,1.0,1.0,1.0,1.0,,,200,0.026173285198555996,0.0,0.0,0.0,0.0,0.15794223826714804,
,CalciumChannelBlockers,14,,,,1.0,1.0,1.0,1.0,1.0,,,200,0.0,0.0,0.0,0.0,0.0,0.15072202166064985,
1108.0,CalciumChannelBlockers,15,0.2319494584837545,0.9610894941634242,0.9025270758122743,,,,,,0.953307392996109,0.980544747081712,200,,,,,,0.14981949458483756,0.05324909747292417
1108.0,CalciumChannelBlockers,16,0.2319494584837545,0.980544747081712,0.9476534296028881,,,,,,0.953307392996109,0.9883268482490273,200,,,,,,0.16877256317689526,0.035198555956678645
,CalciumChannelBlockers,17,,,,1.0,1.0,1.0,1.0,1.0,,,200,0.0,0.0,0.0,0.0,0.0,0.15613718411552346,
,CalciumChannelBlockers,18,,,,0.9299610894941635,1.0,1.0,1.0,1.0,,,200,0.16877256317689526,0.0,0.0,0.0,0.0,0.11913357400722024,
,CalciumChannelBlockers,19,,,,0.9961089494163424,1.0,1.0,1.0,1.0,,,200,0.023465703971119134,0.0,0.0,0.0,0.0,0.12725631768953072,
,CalciumChannelBlockers,0,,,,0.8910505836575876,1.0,1.0,1.0,1.0,,,500,0.23465703971119134,0.0,0.0,0.0,0.0,0.11462093862815881,
,CalciumChannelBlockers,1,,,,0.9961089494163424,1.0,1.0,1.0,1.0,,,500,0.029783393501805033,0.0,0.0,0.0,0.0,0.12725631768953072,
,CalciumChannelBlockers,2,,,,0.9610894941634242,1.0,1.0,1.0,1.0,,,500,0.07400722021660655,0.0,0.0,0.0,0.0,0.09025270758122739,
1108.0,CalciumChannelBlockers,3,0.2319494584837545,1.0,0.9927797833935018,,,,,,0.953307392996109,1.0,500,,,,,,0.16335740072202165,0.006317689530685899
,CalciumChannelBlockers,4,,,,1.0,1.0,1.0,1.0,1.0,,,500,0.0,0.0,0.0,0.0,0.0,0.1028880866425993,
,CalciumChannelBlockers,5,,,,0.9455252918287937,1.0,1.0,1.0,1.0,,,500,0.15523465703971118,0.0,0.0,0.0,0.0,0.14350180505415167,
,CalciumChannelBlockers,6,,,,1.0,1.0,1.0,1.0,1.0,,,500,0.0,0.0,0.0,0.0,0.0,0.15072202166064985,
,CalciumChannelBlockers,7,,,,1.0,1.0,1.0,1.0,1.0,,,500,0.0,0.0,0.0,0.0,0.0,0.12725631768953072,
,CalciumChannelBlockers,8,,,,0.9455252918287937,1.0,1.0,1.0,1.0,,,500,0.10198555956678701,0.0,0.0,0.0,0.0,0.09025270758122739,
,CalciumChannelBlockers,9,,,,0.9883268482490273,1.0,1.0,1.0,1.0,,,500,0.041516245487364656,0.0,0.0,0.0,0.0,0.09927797833935015,
,CalciumChannelBlockers,10,,,,0.9105058365758755,1.0,1.0,1.0,1.0,,,500,0.23465703971119134,0.0,0.0,0.0,0.0,0.128158844765343,
,CalciumChannelBlockers,11,,,,0.9961089494163424,1.0,1.0,1.0,1.0,,,500,0.018050541516245522,0.0,0.0,0.0,0.0,0.11101083032490977,
,CalciumChannelBlockers,12,,,,0.933852140077821,1.0,1.0,1.0,1.0,,,500,0.1543321299638989,0.0,0.0,0.0,0.0,0.11462093862815881,
1108.0,CalciumChannelBlockers,13,0.2319494584837545,1.0,0.9927797833935018,,,,,,0.953307392996109,1.0,500,,,,,,0.18772563176895307,0.006317689530685899
,CalciumChannelBlockers,14,,,,0.9961089494163424,1.0,1.0,1.0,1.0,,,500,0.02436823104693142,0.0,0.0,0.0,0.0,0.121841155234657,
,CalciumChannelBlockers,15,,,,1.0,1.0,1.0,1.0,1.0,,,500,0.0,0.0,0.0,0.0,0.0,0.13808664259927794,
,CalciumChannelBlockers,16,,,,1.0,1.0,1.0,1.0,1.0,,,500,0.0,0.0,0.0,0.0,0.0,0.13086642599277976,
,CalciumChannelBlockers,17,,,,0.933852140077821,1.0,1.0,1.0,1.0,,,500,0.15162454873646214,0.0,0.0,0.0,0.0,0.08844765342960292,
,CalciumChannelBlockers,18,,,,1.0,1.0,1.0,1.0,1.0,,,500,0.0,0.0,0.0,0.0,0.0,0.13176895306859204,
,CalciumChannelBlockers,19,,,,1.0,1.0,1.0,1.0,1.0,,,500,0.0,0.0,0.0,0.0,0.0,0.13086642599277976,
1772.0,Opiods,0,0.024266365688487584,0.7209302325581395,0.42325056433408575,,,,,,0.9534883720930233,0.9767441860465116,200,,,,,,0.1924379232505643,0.06433408577878108
1772.0,Opiods,1,0.024266365688487584,0.2558139534883721,0.25395033860045146,,,,,,0.9534883720930233,0.9534883720930233,200,,,,,,0.06715575620767489,0.041196388261851014
1772.0,Opiods,2,0.024266365688487584,0.7674418604651163,0.42325056433408575,,,,,,0.9534883720930233,1.0,200,,,,,,0.12302483069977421,0.06828442437923254
1772.0,Opiods,3,0.024266365688487584,0.6976744186046512,0.33860045146726864,,,,,,0.9534883720930233,0.9534883720930233,200,,,,,,0.09762979683972917,0.07392776523702027
1772.0,Opiods,4,0.024266365688487584,0.18604651162790697,0.14108352144469527,,,,,,0.9534883720930233,0.9534883720930233,200,,,,,,0.06376975169300225,0.04401805869074493
1772.0,Opiods,5,0.024266365688487584,0.7209302325581395,0.36681715575620766,,,,,,0.9534883720930233,0.9534883720930233,200,,,,,,0.15293453724604966,0.07505643340857793
1772.0,Opiods,6,0.024266365688487584,0.27906976744186046,0.19751693002257337,,,,,,0.9534883720930233,1.0,200,,,,,,0.09932279909706543,0.04288939051918739
1772.0,Opiods,7,0.024266365688487584,0.6976744186046512,0.33860045146726864,,,,,,0.9534883720930233,1.0,200,,,,,,0.1828442437923251,0.06602708803611734
1772.0,Opiods,8,0.024266365688487584,0.6744186046511628,0.33860045146726864,,,,,,0.9534883720930233,0.9767441860465116,200,,,,,,0.1540632054176072,0.06602708803611734
1772.0,Opiods,9,0.024266365688487584,0.6511627906976745,0.33860045146726864,,,,,,0.9534883720930233,0.9767441860465116,200,,,,,,0.22686230248306993,0.06320541760722342
1772.0,Opiods,10,0.024266365688487584,0.23255813953488372,0.16930022573363432,,,,,,0.9534883720930233,1.0,200,,,,,,0.12133182844243795,0.04232505643340856
1772.0,Opiods,11,0.024266365688487584,0.6976744186046512,0.36681715575620766,,,,,,0.9534883720930233,1.0,200,,,,,,0.208803611738149,0.06320541760722342
1772.0,Opiods,12,0.024266365688487584,0.046511627906976744,0.14108352144469527,,,,,,0.9534883720930233,1.0,200,,,,,,0.1512415349887133,0.03668171557562072
1772.0,Opiods,13,0.024266365688487584,0.046511627906976744,0.14108352144469527,,,,,,0.9534883720930233,0.9534883720930233,200,,,,,,0.04288939051918739,0.038374717832957095
1772.0,Opiods,14,0.024266365688487584,0.7209302325581395,0.36681715575620766,,,,,,0.9534883720930233,0.9534883720930233,200,,,,,,0.08013544018058694,0.07505643340857793
1772.0,Opiods,15,0.024266365688487584,0.6744186046511628,0.36681715575620766,,,,,,0.9534883720930233,0.9534883720930233,200,,,,,,0.08747178329571104,0.06659142212189617
1772.0,Opiods,16,0.024266365688487584,0.7906976744186046,0.42325056433408575,,,,,,0.9534883720930233,0.9767441860465116,200,,,,,,0.12810383747178333,0.07787810383747173
1772.0,Opiods,17,0.024266365688487584,0.6046511627906976,0.28216704288939054,,,,,,0.9534883720930233,1.0,200,,,,,,0.09819413092550788,0.05981941309255079
1772.0,Opiods,18,0.024266365688487584,0.6511627906976745,0.33860045146726864,,,,,,0.9534883720930233,0.9534883720930233,200,,,,,,0.10835214446952601,0.06602708803611734
1772.0,Opiods,19,0.024266365688487584,0.6744186046511628,0.33860045146726864,,,,,,0.9534883720930233,0.9302325581395349,200,,,,,,0.020880361173814865,0.07392776523702027
1772.0,Opiods,0,0.024266365688487584,0.3488372093023256,0.31038374717832956,,,,,,0.9534883720930233,0.9534883720930233,500,,,,,,0.09311512415349887,0.04232505643340856
1772.0,Opiods,1,0.024266365688487584,0.7209302325581395,0.5079006772009029,,,,,,0.9534883720930233,1.0,500,,,,,,0.21218961625282162,0.05191873589164786
1772.0,Opiods,2,0.024266365688487584,0.7441860465116279,0.45146726862302483,,,,,,0.9534883720930233,1.0,500,,,,,,0.17607223476297973,0.060948081264108334
1772.0,Opiods,3,0.024266365688487584,0.6744186046511628,0.45146726862302483,,,,,,0.9534883720930233,0.9302325581395349,500,,,,,,0.041196388261851014,0.060948081264108334
1772.0,Opiods,4,0.024266365688487584,0.8372093023255814,0.536117381489842,,,,,,0.9534883720930233,0.9767441860465116,500,,,,,,0.09650112866817151,0.07279909706546273
1772.0,Opiods,5,0.024266365688487584,0.6511627906976745,0.45146726862302483,,,,,,0.9534883720930233,0.9302325581395349,500,,,,,,0.04006772009029347,0.058126410835214415
1772.0,Opiods,6,0.024266365688487584,0.7906976744186046,0.5079006772009029,,,,,,0.9534883720930233,0.9534883720930233,500,,,,,,0.09198645598194133,0.07167042889390518
1772.0,Opiods,7,0.024266365688487584,0.813953488372093,0.5079006772009029,,,,,,0.9534883720930233,0.9767441860465116,500,,,,,,0.23024830699774268,0.07167042889390518
1772.0,Opiods,8,0.024266365688487584,0.7906976744186046,0.4796839729119639,,,,,,0.9534883720930233,0.9302325581395349,500,,,,,,0.04232505643340856,0.0818284424379232
1772.0,Opiods,9,0.024266365688487584,0.8372093023255814,0.4796839729119639,,,,,,0.9534883720930233,0.9767441860465116,500,,,,,,0.21726862302483074,0.0818284424379232
1772.0,Opiods,10,0.024266365688487584,0.7441860465116279,0.45146726862302483,,,,,,0.9534883720930233,1.0,500,,,,,,0.36455981941309257,0.060948081264108334
1772.0,Opiods,11,0.024266365688487584,0.7209302325581395,0.45146726862302483,,,,,,0.9534883720930233,0.9767441860465116,500,,,,,,0.1534988713318285,0.060948081264108334
1772.0,Opiods,12,0.024266365688487584,0.813953488372093,0.4796839729119639,,,,,,0.9534883720930233,0.9767441860465116,500,,,,,,0.36173814898419865,0.07562076749435664
1772.0,Opiods,13,0.024266365688487584,0.8604651162790697,0.4796839729119639,,,,,,0.9534883720930233,1.0,500,,,,,,0.1828442437923251,0.0818284424379232
1772.0,Opiods,14,0.024266365688487584,0.32558139534883723,0.33860045146726864,,,,,,0.9534883720930233,0.9069767441860465,500,,,,,,0.010722347629796847,0.04176072234762984
1772.0,Opiods,15,0.024266365688487584,0.7441860465116279,0.45146726862302483,,,,,,0.9534883720930233,0.9767441860465116,500,,,,,,0.1444695259593679,0.0648984198645598
1772.0,Opiods,16,0.024266365688487584,0.6046511627906976,0.45146726862302483,,,,,,0.9534883720930233,0.9302325581395349,500,,,,,,0.04401805869074493,0.05248306997742669
1772.0,Opiods,17,0.024266365688487584,0.6976744186046512,0.42325056433408575,,,,,,0.9534883720930233,0.9767441860465116,500,,,,,,0.177765237020316,0.060948081264108334
1772.0,Opiods,18,0.024266365688487584,0.7209302325581395,0.4796839729119639,,,,,,0.9534883720930233,1.0,500,,,,,,0.14785553047404065,0.05474040632054178
1772.0,Opiods,19,0.024266365688487584,0.7906976744186046,0.4796839729119639,,,,,,0.9534883720930233,0.9767441860465116,500,,,,,,0.08860045146726858,0.0699774266365688
,OralHypoglycemics,0,,,,1.0,1.0,1.0,1.0,1.0,,,200,0.0,0.0,0.0,0.0,0.0,0.128421052631579,
,OralHypoglycemics,1,,,,0.9925925925925926,1.0,1.0,1.0,1.0,,,200,0.052631578947368474,0.0,0.0,0.0,0.0,0.1578947368421053,
,OralHypoglycemics,2,,,,0.9777777777777777,1.0,1.0,1.0,1.0,,,200,0.037894736842105314,0.0,0.0,0.0,0.0,0.09684210526315784,
,OralHypoglycemics,3,,,,0.9777777777777777,1.0,1.0,1.0,1.0,,,200,0.09473684210526312,0.0,0.0,0.0,0.0,0.12631578947368416,
,OralHypoglycemics,4,,,,0.9555555555555556,1.0,1.0,1.0,1.0,,,200,0.12421052631578944,0.0,0.0,0.0,0.0,0.12421052631578944,
,OralHypoglycemics,5,,,,1.0,1.0,1.0,1.0,1.0,,,200,0.0,0.0,0.0,0.0,0.0,0.13684210526315788,
,OralHypoglycemics,6,,,,1.0,1.0,1.0,1.0,1.0,,,200,0.0,0.0,0.0,0.0,0.0,0.11789473684210527,
,OralHypoglycemics,7,,,,1.0,1.0,1.0,1.0,1.0,,,200,0.0,0.0,0.0,0.0,0.0,0.10526315789473684,
,OralHypoglycemics,8,,,,1.0,1.0,1.0,1.0,1.0,,,200,0.0,0.0,0.0,0.0,0.0,0.11789473684210527,
,OralHypoglycemics,9,,,,0.9555555555555556,1.0,1.0,1.0,1.0,,,200,0.07999999999999996,0.0,0.0,0.0,0.0,0.07999999999999996,
,OralHypoglycemics,10,,,,0.9259259259259259,1.0,1.0,1.0,1.0,,,200,0.15157894736842104,0.0,0.0,0.0,0.0,0.08631578947368423,
,OralHypoglycemics,11,,,,1.0,1.0,1.0,1.0,1.0,,,200,0.0,0.0,0.0,0.0,0.0,0.08210526315789479,
,OralHypoglycemics,12,,,,1.0,1.0,1.0,1.0,1.0,,,200,0.0,0.0,0.0,0.0,0.0,0.12631578947368416,
,OralHypoglycemics,13,,,,0.8666666666666667,1.0,1.0,1.0,1.0,,,200,0.21052631578947367,0.0,0.0,0.0,0.0,0.10947368421052628,
,OralHypoglycemics,14,,,,1.0,1.0,1.0,1.0,1.0,,,200,0.0,0.0,0.0,0.0,0.0,0.10947368421052628,
,OralHypoglycemics,15,,,,0.9925925925925926,1.0,1.0,1.0,1.0,,,200,0.025263157894736876,0.0,0.0,0.0,0.0,0.0652631578947368,
,OralHypoglycemics,16,,,,1.0,1.0,1.0,1.0,1.0,,,200,0.0,0.0,0.0,0.0,0.0,0.11368421052631583,
,OralHypoglycemics,17,,,,1.0,1.0,1.0,1.0,1.0,,,200,0.0,0.0,0.0,0.0,0.0,0.07578947368421052,
,OralHypoglycemics,18,,,,0.9259259259259259,1.0,1.0,1.0,1.0,,,200,0.13684210526315788,0.0,0.0,0.0,0.0,0.08421052631578951,
,OralHypoglycemics,19,,,,1.0,1.0,1.0,1.0,1.0,,,200,0.0,0.0,0.0,0.0,0.0,0.16421052631578947,
1211.0,ProtonPumpInhibitors,0,0.1874483897605285,0.9955947136563876,0.990916597853014,,,,,,0.9515418502202643,0.9955947136563876,200,,,,,,0.152766308835673,0.008257638315441795
1211.0,ProtonPumpInhibitors,1,0.1874483897605285,0.9911894273127754,0.990916597853014,,,,,,0.9515418502202643,0.9911894273127754,200,,,,,,0.11890999174236172,0.008257638315441795
1211.0,ProtonPumpInhibitors,2,0.1874483897605285,0.9955947136563876,0.990916597853014,,,,,,0.9515418502202643,0.9955947136563876,200,,,,,,0.1453344343517754,0.008257638315441795
1211.0,ProtonPumpInhibitors,3,0.1874483897605285,0.9911894273127754,0.990916597853014,,,,,,0.9515418502202643,0.9911894273127754,200,,,,,,0.11065235342691992,0.008257638315441795
1211.0,ProtonPumpInhibitors,4,0.1874483897605285,0.9955947136563876,0.990916597853014,,,,,,0.9515418502202643,0.9955947136563876,200,,,,,,0.1626754748142032,0.008257638315441795
1211.0,ProtonPumpInhibitors,5,0.1874483897605285,0.9911894273127754,0.990916597853014,,,,,,0.9515418502202643,0.9911894273127754,200,,,,,,0.1445086705202312,0.008257638315441795
1211.0,ProtonPumpInhibitors,6,0.1874483897605285,0.9955947136563876,0.990916597853014,,,,,,0.9515418502202643,0.9955947136563876,200,,,,,,0.1486374896779521,0.008257638315441795
1211.0,ProtonPumpInhibitors,7,0.1874483897605285,0.9911894273127754,0.990916597853014,,,,,,0.9515418502202643,0.9911894273127754,200,,,,,,0.1379025598678778,0.008257638315441795
1211.0,ProtonPumpInhibitors,8,0.1874483897605285,0.9911894273127754,0.990916597853014,,,,,,0.9515418502202643,0.9911894273127754,200,,,,,,0.10487200660611062,0.008257638315441795
1211.0,ProtonPumpInhibitors,9,0.1874483897605285,0.9955947136563876,0.990916597853014,,,,,,0.9515418502202643,0.9955947136563876,200,,,,,,0.143682906688687,0.008257638315441795
1211.0,ProtonPumpInhibitors,10,0.1874483897605285,0.9911894273127754,0.990916597853014,,,,,,0.9515418502202643,0.9911894273127754,200,,,,,,0.11808422791081752,0.008257638315441795
1211.0,ProtonPumpInhibitors,11,0.1874483897605285,0.9955947136563876,0.990916597853014,,,,,,0.9515418502202643,0.9955947136563876,200,,,,,,0.1412056151940545,0.008257638315441795
1211.0,ProtonPumpInhibitors,12,0.1874483897605285,0.9911894273127754,0.990916597853014,,,,,,0.9515418502202643,0.9911894273127754,200,,,,,,0.1403798513625103,0.008257638315441795
1211.0,ProtonPumpInhibitors,13,0.1874483897605285,0.9955947136563876,0.990916597853014,,,,,,0.9515418502202643,0.9955947136563876,200,,,,,,0.129644921552436,0.008257638315441795
1211.0,ProtonPumpInhibitors,14,0.1874483897605285,0.9911894273127754,0.990916597853014,,,,,,0.9515418502202643,0.9911894273127754,200,,,,,,0.1337737407101569,0.008257638315441795
1211.0,ProtonPumpInhibitors,15,0.1874483897605285,0.9955947136563876,0.990916597853014,,,,,,0.9515418502202643,0.9955947136563876,200,,,,,,0.11808422791081752,0.008257638315441795
1211.0,ProtonPumpInhibitors,16,0.1874483897605285,0.9955947136563876,0.990916597853014,,,,,,0.9515418502202643,0.9955947136563876,200,,,,,,0.17258464079273328,0.008257638315441795
1211.0,ProtonPumpInhibitors,17,0.1874483897605285,0.9955947136563876,0.990916597853014,,,,,,0.9515418502202643,0.9955947136563876,200,,,,,,0.11147811725846413,0.008257638315441795
1211.0,ProtonPumpInhibitors,18,0.1874483897605285,0.9911894273127754,0.990916597853014,,,,,,0.9515418502202643,0.9911894273127754,200,,,,,,0.16845582163501238,0.008257638315441795
1211.0,ProtonPumpInhibitors,19,0.1874483897605285,0.9955947136563876,0.990916597853014,,,,,,0.9515418502202643,0.9955947136563876,200,,,,,,0.1312964492155244,0.008257638315441795
,ProtonPumpInhibitors,0,,,,0.8898678414096917,1.0,1.0,1.0,1.0,,,500,0.21387283236994215,0.0,0.0,0.0,0.0,0.09248554913294793,
1211.0,ProtonPumpInhibitors,1,0.1874483897605285,0.9955947136563876,0.990916597853014,,,,,,0.9515418502202643,0.9955947136563876,500,,,,,,0.1445086705202312,0.008257638315441795
,ProtonPumpInhibitors,2,,,,1.0,1.0,1.0,1.0,0.9647577092511013,,,500,0.0,0.0,0.0,0.0,0.08753096614368294,0.1345995045417011,
1211.0,ProtonPumpInhibitors,3,0.1874483897605285,1.0,0.990916597853014,,,,,,0.9515418502202643,1.0,500,,,,,,0.16515276630883569,0.008257638315441795
,ProtonPumpInhibitors,4,,,,1.0,1.0,1.0,1.0,1.0,,,500,0.0,0.0,0.0,0.0,0.0,0.11808422791081752,
1211.0,ProtonPumpInhibitors,5,0.1874483897605285,0.9955947136563876,0.990916597853014,,,,,,0.9515418502202643,0.9955947136563876,500,,,,,,0.1428571428571429,0.008257638315441795
1211.0,ProtonPumpInhibitors,6,0.1874483897605285,0.9911894273127754,0.990916597853014,,,,,,0.9515418502202643,0.9955947136563876,500,,,,,,0.11230388109000822,0.008257638315441795
1211.0,ProtonPumpInhibitors,7,0.1874483897605285,0.9955947136563876,0.990916597853014,,,,,,0.9515418502202643,1.0,500,,,,,,0.1337737407101569,0.008257638315441795
,ProtonPumpInhibitors,8,,,,0.920704845814978,1.0,1.0,1.0,1.0,,,500,0.19075144508670516,0.0,0.0,0.0,0.0,0.1345995045417011,
,ProtonPumpInhibitors,9,,,,1.0,1.0,1.0,1.0,1.0,,,500,0.0,0.0,0.0,0.0,0.0,0.1329479768786127,
,ProtonPumpInhibitors,10,,,,1.0,1.0,1.0,1.0,1.0,,,500,0.0,0.0,0.0,0.0,0.0,0.10487200660611062,
1211.0,ProtonPumpInhibitors,11,0.1874483897605285,0.9955947136563876,0.990916597853014,,,,,,0.9515418502202643,0.9955947136563876,500,,,,,,0.12138728323699421,0.008257638315441795
1211.0,ProtonPumpInhibitors,12,0.1874483897605285,0.9955947136563876,0.990916597853014,,,,,,0.9515418502202643,0.9955947136563876,500,,,,,,0.138728323699422,0.008257638315441795
1211.0,ProtonPumpInhibitors,13,0.1874483897605285,0.9911894273127754,0.990916597853014,,,,,,0.9515418502202643,0.9911894273127754,500,,,,,,0.11230388109000822,0.008257638315441795
1211.0,ProtonPumpInhibitors,14,0.1874483897605285,0.9911894273127754,0.990916597853014,,,,,,0.9515418502202643,0.9955947136563876,500,,,,,,0.11147811725846413,0.008257638315441795
1211.0,ProtonPumpInhibitors,15,0.1874483897605285,1.0,0.990916597853014,,,,,,0.9515418502202643,1.0,500,,,,,,0.1445086705202312,0.008257638315441795
1211.0,ProtonPumpInhibitors,16,0.1874483897605285,0.9955947136563876,0.990916597853014,,,,,,0.9515418502202643,0.9955947136563876,500,,,,,,0.16350123864574728,0.008257638315441795
1211.0,ProtonPumpInhibitors,17,0.1874483897605285,0.9955947136563876,0.990916597853014,,,,,,0.9515418502202643,0.9955947136563876,500,,,,,,0.12303881090008262,0.008257638315441795
,ProtonPumpInhibitors,18,,,,0.973568281938326,1.0,1.0,1.0,1.0,,,500,0.09165978530140384,0.0,0.0,0.0,0.0,0.1659785301403799,
,ProtonPumpInhibitors,19,,,,1.0,1.0,1.0,1.0,1.0,,,500,0.0,0.0,0.0,0.0,0.0,0.10982658959537572,
1352.0,SkeletalMuscleRelaxants,0,0.022189349112426034,0.8333333333333334,0.3698224852071006,,,,,,0.9666666666666667,0.9666666666666667,200,,,,,,0.3927514792899408,0.0776627218934911
1352.0,SkeletalMuscleRelaxants,1,0.022189349112426034,0.8333333333333334,0.3698224852071006,,,,,,0.9666666666666667,0.9666666666666667,200,,,,,,0.1553254437869822,0.0776627218934911
1352.0,SkeletalMuscleRelaxants,2,0.022189349112426034,0.7333333333333333,0.2958579881656805,,,,,,0.9666666666666667,0.9,200,,,,,,0.019970414201183395,0.0776627218934911
1352.0,SkeletalMuscleRelaxants,3,0.022189349112426034,0.7,0.2588757396449704,,,,,,0.9666666666666667,1.0,200,,,,,,0.09097633136094674,0.059171597633136064
1352.0,SkeletalMuscleRelaxants,4,0.022189349112426034,0.8666666666666667,0.4068047337278107,,,,,,0.9666666666666667,0.9666666666666667,200,,,,,,0.23964497041420119,0.08284023668639051
1352.0,SkeletalMuscleRelaxants,5,0.022189349112426034,0.13333333333333333,0.1849112426035503,,,,,,0.9666666666666667,0.8666666666666667,200,,,,,,0.0014792899408283544,0.034763313609467494
1352.0,SkeletalMuscleRelaxants,6,0.022189349112426034,0.8,0.2588757396449704,,,,,,0.9666666666666667,1.0,200,,,,,,0.34097633136094674,0.07470414201183428
1352.0,SkeletalMuscleRelaxants,7,0.022189349112426034,0.6333333333333333,0.2958579881656805,,,,,,0.9666666666666667,0.9666666666666667,200,,,,,,0.06139053254437865,0.0525147928994083
1352.0,SkeletalMuscleRelaxants,8,0.022189349112426034,0.7,0.2958579881656805,,,,,,0.9666666666666667,1.0,200,,,,,,0.14053254437869822,0.056213017751479244
1352.0,SkeletalMuscleRelaxants,9,0.022189349112426034,0.7666666666666667,0.3328402366863905,,,,,,0.9666666666666667,0.9333333333333333,200,,,,,,0.02144970414201186,0.07396449704142016
1352.0,SkeletalMuscleRelaxants,10,0.022189349112426034,0.6666666666666666,0.2588757396449704,,,,,,0.9666666666666667,0.9666666666666667,200,,,,,,0.07026627218934911,0.059171597633136064
1352.0,SkeletalMuscleRelaxants,11,0.022189349112426034,0.6,0.2958579881656805,,,,,,0.9666666666666667,0.9666666666666667,200,,,,,,0.1272189349112426,0.04881656804733725
1352.0,SkeletalMuscleRelaxants,12,0.022189349112426034,0.7666666666666667,0.2958579881656805,,,,,,0.9666666666666667,0.9666666666666667,200,,,,,,0.14201183431952658,0.07100591715976334
1352.0,SkeletalMuscleRelaxants,13,0.022189349112426034,0.16666666666666666,0.1849112426035503,,,,,,0.9666666666666667,0.9666666666666667,200,,,,,,0.0399408284023669,0.03254437869822491
1352.0,SkeletalMuscleRelaxants,14,0.022189349112426034,0.8333333333333334,0.3328402366863905,,,,,,0.9666666666666667,1.0,200,,,,,,0.3579881656804734,0.07396449704142016
1352.0,SkeletalMuscleRelaxants,15,0.022189349112426034,0.7666666666666667,0.2958579881656805,,,,,,0.9666666666666667,1.0,200,,,,,,0.3328402366863905,0.0650887573964497
1352.0,SkeletalMuscleRelaxants,16,0.022189349112426034,0.7,0.2588757396449704,,,,,,0.9666666666666667,0.9666666666666667,200,,,,,,0.12573964497041423,0.06286982248520712
1352.0,SkeletalMuscleRelaxants,17,0.022189349112426034,0.7666666666666667,0.3328402366863905,,,,,,0.9666666666666667,0.9666666666666667,200,,,,,,0.19156804733727806,0.06730769230769229
1352.0,SkeletalMuscleRelaxants,18,0.022189349112426034,0.7,0.2588757396449704,,,,,,0.9666666666666667,0.9666666666666667,200,,,,,,0.10946745562130178,0.06286982248520712
1352.0,SkeletalMuscleRelaxants,19,0.022189349112426034,0.7,0.3698224852071006,,,,,,0.9666666666666667,0.9,200,,,,,,0.028846153846153855,0.06360946745562135
1352.0,SkeletalMuscleRelaxants,0,0.022189349112426034,0.8333333333333334,0.5177514792899408,,,,,,0.9666666666666667,0.9666666666666667,500,,,,,,0.0724852071005917,0.059171597633136064
1352.0,SkeletalMuscleRelaxants,1,0.022189349112426034,0.9,0.4807692307692308,,,,,,0.9666666666666667,1.0,500,,,,,,0.14940828402366868,0.0724852071005917
1352.0,SkeletalMuscleRelaxants,2,0.022189349112426034,0.7666666666666667,0.4807692307692308,,,,,,0.9666666666666667,0.9333333333333333,500,,,,,,0.025147928994082802,0.05769230769230771
1352.0,SkeletalMuscleRelaxants,3,0.022189349112426034,0.9666666666666667,0.5177514792899408,,,,,,0.9666666666666667,0.9666666666666667,500,,,,,,0.5199704142011834,0.11834319526627224
1352.0,SkeletalMuscleRelaxants,4,0.022189349112426034,0.26666666666666666,0.4068047337278107,,,,,,0.9666666666666667,0.9666666666666667,500,,,,,,0.034763313609467494,0.025887573964497035
1352.0,SkeletalMuscleRelaxants,5,0.022189349112426034,0.8,0.5177514792899408,,,,,,0.9666666666666667,0.9666666666666667,500,,,,,,0.0776627218934911,0.053254437869822535
1352.0,SkeletalMuscleRelaxants,6,0.022189349112426034,0.7666666666666667,0.4807692307692308,,,,,,0.9666666666666667,0.9666666666666667,500,,,,,,0.1501479289940828,0.0525147928994083
1352.0,SkeletalMuscleRelaxants,7,0.022189349112426034,0.8,0.4807692307692308,,,,,,0.9666666666666667,1.0,500,,,,,,0.1301775147928994,0.0525147928994083
1352.0,SkeletalMuscleRelaxants,8,0.022189349112426034,0.8333333333333334,0.5177514792899408,,,,,,0.9666666666666667,1.0,500,,,,,,0.1575443786982249,0.053254437869822535
1352.0,SkeletalMuscleRelaxants,9,0.022189349112426034,0.9333333333333333,0.591715976331361,,,,,,0.9666666666666667,0.9666666666666667,500,,,,,,0.38683431952662717,0.07914201183431957
1352.0,SkeletalMuscleRelaxants,10,0.022189349112426034,0.8333333333333334,0.5177514792899408,,,,,,0.9666666666666667,0.9666666666666667,500,,,,,,0.10059171597633132,0.059171597633136064
1352.0,SkeletalMuscleRelaxants,11,0.022189349112426034,0.7,0.4807692307692308,,,,,,0.9666666666666667,1.0,500,,,,,,0.2248520710059172,0.041420118343195256
1352.0,SkeletalMuscleRelaxants,12,0.022189349112426034,0.8333333333333334,0.4807692307692308,,,,,,0.9666666666666667,0.9666666666666667,500,,,,,,0.10798816568047342,0.06434911242603547
1352.0,SkeletalMuscleRelaxants,13,0.022189349112426034,0.8,0.4807692307692308,,,,,,0.9666666666666667,1.0,500,,,,,,0.12795857988165682,0.0525147928994083
1352.0,SkeletalMuscleRelaxants,14,0.022189349112426034,0.8,0.4807692307692308,,,,,,0.9666666666666667,1.0,500,,,,,,0.14127218934911245,0.0525147928994083
1352.0,SkeletalMuscleRelaxants,15,0.022189349112426034,0.8666666666666667,0.4807692307692308,,,,,,0.9666666666666667,0.9666666666666667,500,,,,,,0.1701183431952663,0.0724852071005917
1352.0,SkeletalMuscleRelaxants,16,0.022189349112426034,0.7666666666666667,0.4807692307692308,,,,,,0.9666666666666667,1.0,500,,,,,,0.11538461538461542,0.04807692307692313
1352.0,SkeletalMuscleRelaxants,17,0.022189349112426034,0.8,0.4807692307692308,,,,,,0.9666666666666667,1.0,500,,,,,,0.20931952662721898,0.0525147928994083
1352.0,SkeletalMuscleRelaxants,18,0.022189349112426034,0.6333333333333333,0.4437869822485207,,,,,,0.9666666666666667,0.9666666666666667,500,,,,,,0.10355029585798814,0.041420118343195256
1352.0,SkeletalMuscleRelaxants,19,0.022189349112426034,0.9,0.591715976331361,,,,,,0.9666666666666667,1.0,500,,,,,,0.21301775147928992,0.05695266272189348
2743.0,Statins,0,0.055413780532263944,0.7302631578947368,0.43747721472839957,,,,,,0.9539473684210527,0.9473684210526315,200,,,,,,0.07218374043018594,0.07838133430550487
2743.0,Statins,1,0.055413780532263944,0.8223684210526315,0.5468465184104995,,,,,,0.9539473684210527,0.9802631578947368,200,,,,,,0.12249362012395193,0.07874589865111192
2743.0,Statins,2,0.055413780532263944,0.8289473684210527,0.6015311702515495,,,,,,0.9539473684210527,0.9539473684210527,200,,,,,,0.09478672985781988,0.08020415603353992
2743.0,Statins,3,0.055413780532263944,0.6776315789473685,0.41924899744804955,,,,,,0.9539473684210527,0.9407894736842105,200,,,,,,0.056872037914691975,0.07036091870215089
2743.0,Statins,4,0.055413780532263944,0.15789473684210525,0.2005103900838498,,,,,,0.9539473684210527,0.9736842105263158,200,,,,,,0.04958075100255199,0.03864382063434191
2743.0,Statins,5,0.055413780532263944,0.16447368421052633,0.2551950419248997,,,,,,0.9539473684210527,0.9736842105263158,200,,,,,,0.049945315348158936,0.03609187021509297
2743.0,Statins,6,0.055413780532263944,0.743421052631579,0.4557054320087495,,,,,,0.9539473684210527,0.9736842105263158,200,,,,,,0.12650382792562886,0.07254830477579288
2743.0,Statins,7,0.055413780532263944,0.8157894736842105,0.5286183011301495,,,,,,0.9539473684210527,0.9473684210526315,200,,,,,,0.0904119577105359,0.09187021509296389
2743.0,Statins,8,0.055413780532263944,0.07236842105263158,0.12759752096244986,,,,,,0.9539473684210527,0.9605263157894737,200,,,,,,0.0667152752460809,0.03900838497994896
2743.0,Statins,9,0.055413780532263944,0.7368421052631579,0.4557054320087495,,,,,,0.9539473684210527,0.9736842105263158,200,,,,,,0.1111921254101349,0.07109004739336489
2743.0,Statins,10,0.055413780532263944,0.8026315789473685,0.5103900838497994,,,,,,0.9539473684210527,0.9605263157894737,200,,,,,,0.11301494713816984,0.08494349252643096
2743.0,Statins,11,0.055413780532263944,0.7763157894736842,0.4557054320087495,,,,,,0.9539473684210527,0.9671052631578947,200,,,,,,0.11629602624863289,0.08312067079839591
2743.0,Statins,12,0.055413780532263944,0.7631578947368421,0.47393364928909953,,,,,,0.9539473684210527,0.9736842105263158,200,,,,,,0.12285818446955887,0.07473569084943488
2743.0,Statins,13,0.055413780532263944,0.07894736842105263,0.10936930368209989,,,,,,0.9539473684210527,0.9539473684210527,200,,,,,,0.04228946409041201,0.04046664236237696
2743.0,Statins,14,0.055413780532263944,0.6842105263157895,0.38279256288734964,,,,,,0.9539473684210527,0.9736842105263158,200,,,,,,0.14728399562522787,0.06963179001093689
2743.0,Statins,15,0.055413780532263944,0.7894736842105263,0.5286183011301495,,,,,,0.9539473684210527,0.9605263157894737,200,,,,,,0.10572366022602986,0.07765220561429087
2743.0,Statins,16,0.055413780532263944,0.29605263157894735,0.36456434560699963,,,,,,0.9539473684210527,0.9078947368421053,200,,,,,,0.013853445133065967,0.039372949325555906
2743.0,Statins,17,0.055413780532263944,0.8092105263157895,0.5286183011301495,,,,,,0.9539473684210527,0.9605263157894737,200,,,,,,0.1104629967189209,0.08421436383521697
2743.0,Statins,18,0.055413780532263944,0.743421052631579,0.43747721472839957,,,,,,0.9539473684210527,0.9671052631578947,200,,,,,,0.10572366022602986,0.07655851257746993
2743.0,Statins,19,0.055413780532263944,0.7894736842105263,0.5103900838497994,,,,,,0.9539473684210527,0.9342105263157895,200,,,,,,0.052497265767407986,0.0896828290193219
2743.0,Statins,0,0.055413780532263944,0.8223684210526315,0.5650747356908494,,,,,,0.9539473684210527,0.9802631578947368,500,,,,,,0.17243893547211087,0.07546481954064888
2743.0,Statins,1,0.055413780532263944,0.8092105263157895,0.5286183011301495,,,,,,0.9539473684210527,0.9407894736842105,500,,,,,,0.050674444039372935,0.09187021509296389
2743.0,Statins,2,0.055413780532263944,0.7960526315789473,0.5103900838497994,,,,,,0.9539473684210527,0.9671052631578947,500,,,,,,0.1111921254101349,0.08056872037914697
2743.0,Statins,3,0.055413780532263944,0.6776315789473685,0.4557054320087495,,,,,,0.9539473684210527,0.9473684210526315,500,,,,,,0.06197593875318996,0.06489245351804596
2743.0,Statins,4,0.055413780532263944,0.8421052631578947,0.5650747356908494,,,,,,0.9539473684210527,0.9671052631578947,500,,,,,,0.15311702515493986,0.0874954429456799
2743.0,Statins,5,0.055413780532263944,0.8026315789473685,0.5650747356908494,,,,,,0.9539473684210527,0.9802631578947368,500,,,,,,0.14290922347794388,0.06963179001093689
2743.0,Statins,6,0.055413780532263944,0.7960526315789473,0.5286183011301495,,,,,,0.9539473684210527,0.9736842105263158,500,,,,,,0.13014947138169886,0.07546481954064888
2743.0,Statins,7,0.055413780532263944,0.8092105263157895,0.5103900838497994,,,,,,0.9539473684210527,0.9671052631578947,500,,,,,,0.11228581844695584,0.08494349252643096
2743.0,Statins,8,0.055413780532263944,0.8355263157894737,0.6015311702515495,,,,,,0.9539473684210527,0.9802631578947368,500,,,,,,0.12759752096244992,0.07327743346700688
2743.0,Statins,9,0.055413780532263944,0.6842105263157895,0.4557054320087495,,,,,,0.9539473684210527,0.9539473684210527,500,,,,,,0.07254830477579288,0.06489245351804596
2743.0,Statins,10,0.055413780532263944,0.8026315789473685,0.5468465184104995,,,,,,0.9539473684210527,0.9868421052631579,500,,,,,,0.1385344513306599,0.07072548304775794
2743.0,Statins,11,0.055413780532263944,0.8355263157894737,0.6015311702515495,,,,,,0.9539473684210527,0.9736842105263158,500,,,,,,0.11009843237331385,0.07546481954064888
2743.0,Statins,12,0.055413780532263944,0.8223684210526315,0.5103900838497994,,,,,,0.9539473684210527,0.9605263157894737,500,,,,,,0.14218009478672988,0.09259934378417789
2743.0,Statins,13,0.055413780532263944,0.8092105263157895,0.5286183011301495,,,,,,0.9539473684210527,0.9539473684210527,500,,,,,,0.08931826467371495,0.08640174990885896
2743.0,Statins,14,0.055413780532263944,0.75,0.47393364928909953,,,,,,0.9539473684210527,0.9539473684210527,500,,,,,,0.07947502734232592,0.07655851257746993
2743.0,Statins,15,0.055413780532263944,0.8421052631578947,0.5650747356908494,,,,,,0.9539473684210527,0.9802631578947368,500,,,,,,0.19066715275246082,0.08239154210718191
2743.0,Statins,16,0.055413780532263944,0.8421052631578947,0.5650747356908494,,,,,,0.9539473684210527,0.9802631578947368,500,,,,,,0.17754283631060885,0.08239154210718191
2743.0,Statins,17,0.055413780532263944,0.7368421052631579,0.4921618665694495,,,,,,0.9539473684210527,0.9671052631578947,500,,,,,,0.08567262121764496,0.06780896828290195
2743.0,Statins,18,0.055413780532263944,0.8552631578947368,0.5833029529711994,,,,,,0.9539473684210527,0.9539473684210527,500,,,,,,0.10718191760845786,0.09660955158585494
2743.0,Statins,19,0.055413780532263944,0.7960526315789473,0.5468465184104995,,,,,,0.9539473684210527,0.9868421052631579,500,,,,,,0.14108640174990883,0.06926722566532995
,Triptans,0,,,,0.975609756097561,1.0,1.0,1.0,1.0,,,200,0.18181818181818177,0.0,0.0,0.0,0.0,0.23569023569023573,
,Triptans,1,,,,0.975609756097561,1.0,1.0,1.0,0.9951219512195122,,,200,0.19360269360269355,0.0,0.0,0.0,0.013468013468013518,0.23063973063973064,
,Triptans,2,,,,1.0,1.0,1.0,1.0,0.9951219512195122,,,200,0.0,0.0,0.0,0.0,0.028619528619528656,0.21380471380471378,
,Triptans,3,,,,1.0,1.0,1.0,1.0,0.9951219512195122,,,200,0.0,0.0,0.0,0.0,0.028619528619528656,0.21212121212121215,
,Triptans,4,,,,0.975609756097561,1.0,1.0,1.0,1.0,,,200,0.18686868686868685,0.0,0.0,0.0,0.03367003367003363,0.2205387205387206,
,Triptans,5,,,,1.0,1.0,1.0,1.0,1.0,,,200,0.0,0.0,0.0,0.0,0.0,0.23232323232323238,
,Triptans,6,,,,0.9609756097560975,1.0,1.0,1.0,1.0,,,200,0.2154882154882155,0.0,0.0,0.0,0.0,0.23063973063973064,
,Triptans,7,,,,1.0,1.0,1.0,1.0,1.0,,,200,0.0,0.0,0.0,0.0,0.0,0.20370370370370372,
,Triptans,8,,,,0.975609756097561,1.0,1.0,1.0,1.0,,,200,0.1397306397306397,0.0,0.0,0.0,0.0,0.2154882154882155,
,Triptans,9,,,,0.8731707317073171,1.0,1.0,1.0,1.0,,,200,0.3215488215488216,0.0,0.0,0.0,0.0,0.2222222222222222,
,Triptans,10,,,,0.9609756097560975,1.0,1.0,1.0,1.0,,,200,0.20033670033670037,0.0,0.0,0.0,0.0,0.20370370370370372,
,Triptans,11,,,,0.8731707317073171,1.0,1.0,1.0,1.0,,,200,0.3114478114478114,0.0,0.0,0.0,0.0,0.20370370370370372,
,Triptans,12,,,,1.0,1.0,1.0,1.0,1.0,,,200,0.0,0.0,0.0,0.0,0.0,0.24915824915824913,
,Triptans,13,,,,0.9463414634146341,1.0,1.0,1.0,1.0,,,200,0.24242424242424243,0.0,0.0,0.0,0.0,0.23232323232323238,
,Triptans,14,,,,1.0,1.0,1.0,1.0,1.0,,,200,0.0,0.0,0.0,0.0,0.0,0.23737373737373735,
,Triptans,15,,,,0.9463414634146341,1.0,1.0,1.0,0.9951219512195122,,,200,0.2222222222222222,0.0,0.0,0.0,0.028619528619528656,0.20707070707070707,
,Triptans,16,,,,0.9609756097560975,1.0,1.0,1.0,1.0,,,200,0.2205387205387206,0.0,0.0,0.0,0.0,0.24410774410774416,
,Triptans,17,,,,1.0,1.0,1.0,1.0,0.9951219512195122,,,200,0.0,0.0,0.0,0.0,0.03367003367003363,0.23737373737373735,
,Triptans,18,,,,1.0,1.0,1.0,1.0,1.0,,,200,0.0,0.0,0.0,0.0,0.0,0.25757575757575757,
,Triptans,19,,,,0.8292682926829268,1.0,1.0,1.0,1.0,,,200,0.37710437710437705,0.0,0.0,0.0,0.0,0.20538720538720534,
